"Date","Price","Open","High","Low","Vol.","Change %"
"09/06/2024","101.79","108.00","108.01","100.98","232.78M","-5.06%"
"09/05/2024","107.21","104.99","109.65","104.76","306.85M","0.94%"
"09/04/2024","106.21","105.41","113.27","104.12","372.47M","-1.66%"
"09/03/2024","108.00","116.01","116.21","107.29","477.16M","-9.53%"
"08/30/2024","119.37","119.53","121.75","117.22","333.75M","1.51%"
"08/29/2024","117.59","121.36","124.43","116.71","453.02M","-6.38%"
"08/28/2024","125.61","128.12","128.33","122.64","448.10M","-2.10%"
"08/27/2024","128.30","125.05","129.20","123.88","303.14M","1.46%"
"08/26/2024","126.46","129.57","131.26","124.37","331.96M","-2.25%"
"08/23/2024","129.37","125.86","129.60","125.22","323.23M","4.55%"
"08/22/2024","123.74","130.02","130.75","123.10","376.19M","-3.70%"
"08/21/2024","128.50","127.32","129.35","126.66","257.88M","0.98%"
"08/20/2024","127.25","128.40","129.88","125.89","300.09M","-2.12%"
"08/19/2024","130.00","124.28","130.00","123.42","318.33M","4.35%"
"08/16/2024","124.58","121.94","125.00","121.18","302.59M","1.40%"
"08/15/2024","122.86","118.76","123.24","117.47","318.09M","4.05%"
"08/14/2024","118.08","118.53","118.60","114.07","339.25M","1.67%"
"08/13/2024","116.14","112.44","116.23","111.58","312.65M","6.53%"
"08/12/2024","109.02","106.32","111.07","106.26","325.56M","4.08%"
"08/09/2024","104.75","105.64","106.60","103.43","290.84M","-0.21%"
"08/08/2024","104.97","102.00","105.50","97.52","391.91M","6.13%"
"08/07/2024","98.91","107.81","108.80","98.69","411.44M","-5.12%"
"08/06/2024","104.25","103.84","107.71","100.55","409.01M","3.78%"
"08/05/2024","100.45","92.06","103.41","90.69","552.84M","-6.36%"
"08/02/2024","107.27","103.76","108.72","101.37","482.03M","-1.78%"
"08/01/2024","109.21","117.53","120.16","106.81","523.46M","-6.67%"
"07/31/2024","117.02","112.90","118.34","110.88","473.17M","12.81%"
"07/30/2024","103.73","111.52","111.99","102.54","486.83M","-7.04%"
"07/29/2024","111.59","113.69","116.28","111.30","248.15M","-1.30%"
"07/26/2024","113.06","116.19","116.20","111.58","293.40M","0.69%"
"07/25/2024","112.28","113.04","116.63","106.30","460.07M","-1.72%"
"07/24/2024","114.25","119.17","119.95","113.44","327.78M","-6.80%"
"07/23/2024","122.59","122.78","124.69","122.10","173.91M","-0.77%"
"07/22/2024","123.54","120.35","124.07","119.86","258.07M","4.76%"
"07/19/2024","117.93","120.35","121.60","117.37","217.22M","-2.61%"
"07/18/2024","121.09","121.85","122.40","116.56","320.98M","2.63%"
"07/17/2024","117.99","121.35","121.85","116.72","390.09M","-6.62%"
"07/16/2024","126.36","128.44","129.04","124.58","214.77M","-1.62%"
"07/15/2024","128.44","130.56","131.39","127.18","208.33M","-0.62%"
"07/12/2024","129.24","128.26","131.92","127.22","252.68M","1.44%"
"07/11/2024","127.40","135.75","136.15","127.05","374.78M","-5.57%"
"07/10/2024","134.91","134.03","135.10","132.42","248.98M","2.69%"
"07/09/2024","131.38","130.35","133.82","128.65","287.02M","2.48%"
"07/08/2024","128.20","127.49","130.77","127.04","237.68M","1.88%"
"07/05/2024","125.83","127.38","128.85","125.68","214.18M","-1.91%"
"07/03/2024","128.28","121.66","128.28","121.36","215.75M","4.57%"
"07/02/2024","122.67","121.13","123.41","121.03","218.37M","-1.31%"
"07/01/2024","124.30","123.47","124.84","118.83","284.89M","0.62%"
"06/28/2024","123.54","124.58","127.71","122.75","315.52M","-0.36%"
"06/27/2024","123.99","124.10","126.41","122.92","252.57M","-1.91%"
"06/26/2024","126.40","126.13","128.12","122.60","362.98M","0.25%"
"06/25/2024","126.09","121.20","126.50","119.32","425.79M","6.76%"
"06/24/2024","118.11","123.24","124.46","118.04","476.06M","-6.68%"
"06/21/2024","126.57","127.12","130.63","124.30","655.48M","-3.22%"
"06/20/2024","130.78","139.80","140.76","129.52","517.77M","-3.54%"
"06/18/2024","135.58","131.14","136.33","130.69","294.34M","3.51%"
"06/17/2024","130.98","132.99","133.73","129.58","288.50M","-0.68%"
"06/14/2024","131.88","129.96","132.84","128.32","309.32M","1.75%"
"06/13/2024","129.61","129.39","129.80","127.16","260.70M","3.52%"
"06/12/2024","125.20","123.06","126.88","122.57","299.60M","3.55%"
"06/11/2024","120.91","121.77","122.87","118.74","222.55M","-0.72%"
"06/10/2024","121.79","120.37","123.10","117.01","314.16M","0.75%"
"06/07/2024","120.89","119.77","121.69","118.02","412.39M","-0.09%"
"06/06/2024","121.00","124.05","125.59","118.32","664.70M","-1.18%"
"06/05/2024","122.44","118.37","122.45","117.47","528.40M","5.16%"
"06/04/2024","116.44","115.72","116.60","114.04","403.32M","1.25%"
"06/03/2024","115.00","113.62","115.00","112.00","438.39M","4.90%"
"05/31/2024","109.63","112.52","112.72","106.94","613.26M","-0.78%"
"05/30/2024","110.50","114.65","115.82","109.66","487.35M","-3.77%"
"05/29/2024","114.82","113.05","115.49","110.90","557.44M","0.81%"
"05/28/2024","113.90","110.24","114.94","109.88","652.73M","6.98%"
"05/24/2024","106.47","104.45","106.47","103.00","429.49M","2.57%"
"05/23/2024","103.80","102.03","106.32","101.52","835.07M","9.32%"
"05/22/2024","94.95","95.46","96.02","93.25","548.65M","-0.46%"
"05/21/2024","95.39","93.60","95.40","93.18","328.95M","0.64%"
"05/20/2024","94.78","93.75","95.20","93.44","318.76M","2.49%"
"05/17/2024","92.48","94.37","94.74","91.81","359.69M","-1.99%"
"05/16/2024","94.36","94.91","95.82","94.10","323.95M","-0.29%"
"05/15/2024","94.63","92.47","94.86","91.60","417.74M","3.58%"
"05/14/2024","91.36","89.60","91.65","88.93","296.51M","1.06%"
"05/13/2024","90.40","90.48","91.00","88.53","289.68M","0.58%"
"05/10/2024","89.88","90.30","91.40","89.23","335.32M","1.27%"
"05/09/2024","88.75","90.53","91.07","88.23","378.01M","-1.84%"
"05/08/2024","90.41","89.48","91.19","89.42","325.72M","-0.16%"
"05/07/2024","90.55","91.10","91.78","89.01","437.34M","-1.72%"
"05/06/2024","92.14","89.39","92.22","89.06","376.20M","3.77%"
"05/03/2024","88.79","87.79","89.28","87.04","398.34M","3.46%"
"05/02/2024","85.82","84.45","86.24","83.20","377.90M","3.34%"
"05/01/2024","83.04","85.08","86.00","81.25","559.86M","-3.89%"
"04/30/2024","86.40","87.24","88.82","86.30","363.71M","-1.54%"
"04/29/2024","87.76","87.60","87.99","85.27","388.97M","0.03%"
"04/26/2024","87.74","83.82","88.33","83.39","551.01M","6.18%"
"04/25/2024","82.63","78.87","83.32","78.22","424.64M","3.71%"
"04/24/2024","79.68","83.95","84.08","79.18","512.21M","-3.33%"
"04/23/2024","82.42","80.77","82.77","80.26","438.56M","3.65%"
"04/22/2024","79.52","78.10","80.07","76.40","596.34M","4.35%"
"04/19/2024","76.20","83.15","84.32","75.61","875.20M","-10.00%"
"04/18/2024","84.67","84.97","86.19","82.40","447.26M","0.76%"
"04/17/2024","84.04","88.34","88.78","83.95","495.40M","-3.87%"
"04/16/2024","87.42","86.43","88.12","86.06","370.45M","1.64%"
"04/15/2024","86.00","89.10","90.61","85.93","443.08M","-2.48%"
"04/12/2024","88.19","89.70","90.17","87.53","426.80M","-2.68%"
"04/11/2024","90.62","87.42","90.74","86.93","431.64M","4.11%"
"04/10/2024","87.04","83.93","87.40","83.71","431.93M","1.97%"
"04/09/2024","85.35","87.44","87.64","83.02","503.55M","-2.04%"
"04/08/2024","87.13","88.70","88.83","86.73","283.22M","-0.99%"
"04/05/2024","88.01","86.87","88.48","85.93","399.68M","2.45%"
"04/04/2024","85.90","90.41","90.63","85.88","434.96M","-3.44%"
"04/03/2024","88.96","88.48","90.37","88.40","370.07M","-0.55%"
"04/02/2024","89.45","88.45","90.09","87.62","433.06M","-1.01%"
"04/01/2024","90.36","90.30","92.22","89.20","452.44M","0.01%"
"03/28/2024","90.36","90.00","91.30","89.19","435.21M","0.12%"
"03/27/2024","90.25","93.11","93.24","89.12","586.07M","-2.50%"
"03/26/2024","92.56","95.85","96.38","92.50","513.65M","-2.57%"
"03/25/2024","95.00","93.94","96.77","93.51","552.14M","0.76%"
"03/22/2024","94.29","91.14","94.78","90.83","586.72M","3.12%"
"03/21/2024","91.43","92.30","92.65","90.40","480.37M","1.18%"
"03/20/2024","90.37","89.80","90.41","88.22","479.06M","1.09%"
"03/19/2024","89.40","86.70","90.54","85.01","672.17M","1.07%"
"03/18/2024","88.46","90.39","92.40","87.08","668.98M","0.70%"
"03/15/2024","87.84","86.93","89.55","86.26","642.09M","-0.12%"
"03/14/2024","87.94","89.58","90.65","86.60","602.32M","-3.24%"
"03/13/2024","90.89","91.06","91.50","88.43","635.71M","-1.12%"
"03/12/2024","91.91","88.05","91.96","86.15","668.08M","7.16%"
"03/11/2024","85.77","86.43","88.80","84.17","678.36M","-2.00%"
"03/08/2024","87.53","95.14","97.40","86.51","1.14B","-5.55%"
"03/07/2024","92.67","90.16","92.77","89.60","608.12M","4.47%"
"03/06/2024","88.70","88.02","89.72","87.03","582.52M","3.18%"
"03/05/2024","85.96","85.27","86.10","83.42","520.64M","0.85%"
"03/04/2024","85.24","84.13","87.69","83.72","615.62M","3.60%"
"03/01/2024","82.28","80.00","82.30","79.44","479.14M","4.00%"
"02/29/2024","79.11","79.09","79.99","78.35","507.29M","1.87%"
"02/28/2024","77.66","77.62","78.93","77.13","393.11M","-1.32%"
"02/27/2024","78.70","79.38","79.48","77.16","391.70M","-0.49%"
"02/26/2024","79.09","79.70","80.65","78.50","503.97M","0.35%"
"02/23/2024","78.82","80.79","82.39","77.57","829.39M","0.36%"
"02/22/2024","78.54","75.03","78.57","74.22","865.10M","16.40%"
"02/21/2024","67.47","68.01","68.89","66.25","690.30M","-2.85%"
"02/20/2024","69.45","71.95","71.96","67.73","704.83M","-4.35%"
"02/16/2024","72.61","74.10","74.40","72.50","495.33M","-0.06%"
"02/15/2024","72.66","73.87","73.97","72.40","420.12M","-1.68%"
"02/14/2024","73.90","73.20","74.24","71.94","504.92M","2.46%"
"02/13/2024","72.13","70.40","73.45","69.62","602.58M","-0.17%"
"02/12/2024","72.25","72.60","74.61","71.25","613.71M","0.16%"
"02/09/2024","72.13","70.53","72.18","70.21","436.64M","3.58%"
"02/08/2024","69.64","70.07","70.79","69.46","414.42M","-0.65%"
"02/07/2024","70.10","68.32","70.22","67.60","495.58M","2.75%"
"02/06/2024","68.22","69.63","69.75","66.30","683.11M","-1.60%"
"02/05/2024","69.33","68.22","69.50","67.21","680.08M","4.79%"
"02/02/2024","66.16","63.97","66.60","63.69","476.58M","4.97%"
"02/01/2024","63.03","62.10","63.19","61.65","369.15M","2.44%"
"01/31/2024","61.53","61.44","62.27","60.70","453.80M","-1.99%"
"01/30/2024","62.77","62.90","63.49","62.26","410.74M","0.49%"
"01/29/2024","62.47","61.23","62.49","60.91","348.73M","2.35%"
"01/26/2024","61.03","60.96","61.78","60.57","390.31M","-0.95%"
"01/25/2024","61.62","62.35","62.72","60.85","482.78M","0.42%"
"01/24/2024","61.36","60.30","62.85","59.94","560.27M","2.49%"
"01/23/2024","59.87","59.57","59.91","58.58","294.65M","0.37%"
"01/22/2024","59.65","60.05","60.33","59.07","452.96M","0.27%"
"01/19/2024","59.49","57.99","59.50","57.22","543.50M","4.17%"
"01/18/2024","57.11","57.26","57.60","56.11","491.65M","1.88%"
"01/17/2024","56.05","56.35","56.47","54.74","474.39M","-0.58%"
"01/16/2024","56.38","55.02","56.83","54.90","449.58M","3.06%"
"01/12/2024","54.71","54.62","54.97","54.33","352.99M","-0.20%"
"01/11/2024","54.82","55.00","55.35","53.56","596.76M","0.87%"
"01/10/2024","54.35","53.62","54.60","53.49","533.80M","2.28%"
"01/09/2024","53.14","52.40","54.33","51.69","773.10M","1.70%"
"01/08/2024","52.25","49.51","52.28","49.48","642.51M","6.43%"
"01/05/2024","49.10","48.46","49.55","48.31","415.04M","2.29%"
"01/04/2024","48.00","47.77","48.50","47.51","306.54M","0.90%"
"01/03/2024","47.57","47.49","48.18","47.32","320.90M","-1.24%"
"01/02/2024","48.17","49.24","49.29","47.60","411.25M","-2.73%"
"12/29/2023","49.52","49.81","50.00","48.75","389.29M","0.00%"
"12/28/2023","49.52","49.64","49.88","49.41","246.59M","0.21%"
"12/27/2023","49.42","49.51","49.68","49.08","233.65M","0.28%"
"12/26/2023","49.28","48.97","49.60","48.96","244.20M","0.92%"
"12/22/2023","48.83","49.19","49.38","48.47","252.51M","-0.33%"
"12/21/2023","48.99","48.81","49.10","48.42","300.42M","1.83%"
"12/20/2023","48.11","49.65","50.00","48.10","397.89M","-3.01%"
"12/19/2023","49.60","49.42","49.70","48.90","464.44M","-0.94%"
"12/18/2023","50.08","49.40","50.43","49.15","412.59M","2.43%"
"12/15/2023","48.89","48.19","49.40","48.12","479.95M","1.12%"
"12/14/2023","48.35","48.39","48.67","47.42","391.23M","0.54%"
"12/13/2023","48.09","47.63","48.59","47.61","447.79M","0.90%"
"12/12/2023","47.66","46.05","47.67","46.05","372.39M","2.21%"
"12/11/2023","46.63","47.49","47.53","45.83","509.73M","-1.85%"
"12/08/2023","47.51","46.60","47.74","46.55","359.22M","1.95%"
"12/07/2023","46.60","45.70","46.63","45.60","350.82M","2.40%"
"12/06/2023","45.50","47.21","47.39","45.41","380.59M","-2.28%"
"12/05/2023","46.57","45.47","46.60","45.27","371.72M","2.32%"
"12/04/2023","45.51","46.08","46.08","45.01","437.54M","-2.68%"
"12/01/2023","46.76","46.53","47.20","46.19","369.32M","-0.01%"
"11/30/2023","46.77","48.02","48.11","46.42","526.25M","-2.85%"
"11/29/2023","48.14","48.38","48.76","47.86","382.00M","0.67%"
"11/28/2023","47.82","48.24","48.32","47.47","401.49M","-0.87%"
"11/27/2023","48.24","47.80","48.53","47.65","395.66M","0.98%"
"11/24/2023","47.78","48.47","48.92","47.74","294.64M","-1.93%"
"11/22/2023","48.72","49.85","50.33","47.69","900.64M","-2.46%"
"11/21/2023","49.94","50.13","50.52","49.22","565.75M","-0.92%"
"11/20/2023","50.41","49.31","50.55","49.18","416.14M","2.25%"
"11/17/2023","49.30","49.52","49.72","49.01","325.90M","-0.37%"
"11/16/2023","49.48","48.68","49.52","48.33","339.76M","1.21%"
"11/15/2023","48.89","49.94","49.96","48.20","475.50M","-1.55%"
"11/14/2023","49.66","49.68","49.83","49.04","416.95M","2.13%"
"11/13/2023","48.62","48.32","49.12","48.10","384.14M","0.59%"
"11/10/2023","48.33","47.50","48.47","47.28","422.44M","2.95%"
"11/09/2023","46.95","47.47","48.23","46.75","540.50M","0.81%"
"11/08/2023","46.57","46.10","46.87","45.97","346.72M","1.35%"
"11/07/2023","45.96","45.72","46.22","45.16","343.16M","0.45%"
"11/06/2023","45.75","45.28","45.94","44.90","400.73M","1.66%"
"11/03/2023","45.01","44.02","45.31","43.72","424.61M","3.45%"
"11/02/2023","43.51","43.33","43.88","42.89","409.17M","2.79%"
"11/01/2023","42.33","40.88","42.38","40.87","437.59M","3.79%"
"10/31/2023","40.78","40.45","40.88","39.23","517.97M","-0.93%"
"10/30/2023","41.16","41.09","41.77","40.48","388.03M","1.63%"
"10/27/2023","40.50","41.13","41.21","40.01","416.78M","0.43%"
"10/26/2023","40.33","41.85","42.26","39.88","541.00M","-3.48%"
"10/25/2023","41.78","43.40","43.65","41.56","398.38M","-4.31%"
"10/24/2023","43.66","43.08","43.70","42.69","401.46M","1.60%"
"10/23/2023","42.97","41.23","43.25","40.94","478.53M","3.84%"
"10/20/2023","41.39","41.89","42.47","41.08","477.27M","-1.70%"
"10/19/2023","42.10","42.81","43.30","41.88","501.23M","-0.23%"
"10/18/2023","42.20","42.59","43.22","41.83","627.29M","-3.96%"
"10/17/2023","43.94","44.00","44.75","42.48","812.33M","-4.68%"
"10/16/2023","46.10","45.06","46.22","44.91","375.10M","1.39%"
"10/13/2023","45.46","46.96","47.12","45.28","475.43M","-3.16%"
"10/12/2023","46.94","46.78","47.61","46.33","481.32M","0.30%"
"10/11/2023","46.81","46.20","46.86","46.05","378.14M","2.20%"
"10/10/2023","45.80","45.31","46.26","45.09","368.58M","1.16%"
"10/09/2023","45.27","44.84","45.60","44.37","409.68M","-1.07%"
"10/06/2023","45.76","44.19","45.79","44.03","434.44M","2.40%"
"10/05/2023","44.69","44.05","44.90","43.89","393.48M","1.47%"
"10/04/2023","44.04","43.74","44.14","43.29","361.82M","1.20%"
"10/03/2023","43.52","44.81","45.13","43.25","470.85M","-2.82%"
"10/02/2023","44.78","44.03","45.17","43.86","433.30M","2.95%"
"09/29/2023","43.50","43.83","44.14","43.31","397.83M","0.95%"
"09/28/2023","43.09","42.46","43.45","42.12","424.66M","1.46%"
"09/27/2023","42.47","42.33","42.87","41.63","444.94M","1.33%"
"09/26/2023","41.91","42.00","42.82","41.65","402.28M","-0.74%"
"09/25/2023","42.22","41.59","42.54","41.18","419.09M","1.47%"
"09/22/2023","41.61","41.57","42.12","41.23","479.24M","1.45%"
"09/21/2023","41.02","41.58","42.10","40.98","450.74M","-2.89%"
"09/20/2023","42.24","43.60","43.90","42.22","367.11M","-2.94%"
"09/19/2023","43.52","43.83","43.97","43.00","373.06M","-1.01%"
"09/18/2023","43.97","42.75","44.24","42.00","500.27M","0.15%"
"09/15/2023","43.90","45.34","45.60","43.81","506.83M","-3.69%"
"09/14/2023","45.58","45.95","45.99","45.13","370.10M","0.21%"
"09/13/2023","45.49","44.60","45.93","44.50","398.36M","1.37%"
"09/12/2023","44.87","44.74","45.67","44.53","349.26M","-0.68%"
"09/11/2023","45.18","46.15","46.16","44.31","473.97M","-0.86%"
"09/08/2023","45.57","45.94","46.61","45.27","473.90M","-1.45%"
"09/07/2023","46.24","45.53","46.34","45.15","433.33M","-1.74%"
"09/06/2023","47.06","48.44","48.55","46.58","468.67M","-3.06%"
"09/05/2023","48.55","48.22","48.85","47.86","382.65M","0.08%"
"09/01/2023","48.51","49.76","49.80","48.14","463.83M","-1.71%"
"08/31/2023","49.35","49.38","49.74","48.96","528.57M","0.18%"
"08/30/2023","49.26","49.04","49.93","48.42","735.21M","0.98%"
"08/29/2023","48.78","46.67","49.08","46.39","701.40M","4.16%"
"08/28/2023","46.83","46.48","46.98","44.89","685.19M","1.78%"
"08/25/2023","46.02","47.01","47.81","45.02","925.34M","-2.43%"
"08/24/2023","47.16","50.22","50.27","47.16","1.16B","0.10%"
"08/23/2023","47.12","45.87","47.20","45.21","779.05M","3.17%"
"08/22/2023","45.67","48.13","48.19","45.33","757.21M","-2.77%"
"08/21/2023","46.97","44.49","47.06","44.22","692.57M","8.47%"
"08/18/2023","43.30","42.63","43.58","41.66","583.77M","-0.10%"
"08/17/2023","43.34","43.97","44.06","43.00","452.40M","-0.33%"
"08/16/2023","43.49","44.52","44.67","43.41","527.45M","-1.03%"
"08/15/2023","43.94","44.56","45.27","43.71","676.51M","0.43%"
"08/14/2023","43.75","40.49","43.80","40.31","690.29M","7.09%"
"08/11/2023","40.85","41.75","42.02","40.64","533.08M","-3.62%"
"08/10/2023","42.39","42.16","43.57","41.83","492.70M","-0.39%"
"08/09/2023","42.55","44.27","44.31","42.13","586.45M","-4.72%"
"08/08/2023","44.66","44.85","45.24","44.06","353.84M","-1.66%"
"08/07/2023","45.42","45.11","45.54","44.56","322.15M","1.65%"
"08/04/2023","44.68","44.99","45.64","44.39","362.67M","0.37%"
"08/03/2023","44.51","43.80","45.12","43.80","325.08M","0.56%"
"08/02/2023","44.27","45.83","45.84","43.39","530.14M","-4.81%"
"08/01/2023","46.51","46.46","46.90","46.03","239.28M","-0.48%"
"07/31/2023","46.73","46.75","47.13","46.51","251.06M","-0.04%"
"07/28/2023","46.75","46.67","47.03","46.38","331.19M","1.85%"
"07/27/2023","45.90","46.52","47.40","45.75","455.98M","0.99%"
"07/26/2023","45.45","46.02","46.05","44.63","364.24M","-0.50%"
"07/25/2023","45.68","44.94","46.18","44.92","348.08M","2.39%"
"07/24/2023","44.61","44.73","45.11","44.04","383.10M","0.68%"
"07/21/2023","44.31","45.79","45.87","44.10","963.77M","-2.66%"
"07/20/2023","45.52","46.51","47.09","45.06","537.87M","-3.31%"
"07/19/2023","47.08","47.46","47.82","46.74","427.50M","-0.88%"
"07/18/2023","47.49","46.70","47.90","45.73","570.19M","2.22%"
"07/17/2023","46.46","46.29","46.50","45.26","510.49M","2.18%"
"07/14/2023","45.47","46.58","48.09","45.06","772.08M","-1.10%"
"07/13/2023","45.98","44.52","46.15","44.49","478.20M","4.73%"
"07/12/2023","43.90","43.03","43.94","42.78","481.28M","3.53%"
"07/11/2023","42.40","42.48","42.76","42.07","298.24M","0.53%"
"07/10/2023","42.18","42.66","42.81","41.65","353.91M","-0.76%"
"07/07/2023","42.50","42.32","43.21","42.18","355.88M","0.95%"
"07/06/2023","42.10","41.84","42.18","41.35","304.14M","-0.51%"
"07/05/2023","42.32","42.13","43.18","42.08","323.62M","-0.23%"
"07/03/2023","42.41","42.52","42.90","42.20","198.21M","0.26%"
"06/30/2023","42.30","41.68","42.55","41.50","501.15M","3.63%"
"06/29/2023","40.82","41.56","41.60","40.60","380.51M","-0.72%"
"06/28/2023","41.12","40.66","41.85","40.52","582.64M","-1.81%"
"06/27/2023","41.88","40.80","41.94","40.45","462.18M","3.06%"
"06/26/2023","40.63","42.46","42.76","40.10","594.32M","-3.74%"
"06/23/2023","42.21","42.46","42.81","42.01","358.14M","-1.90%"
"06/22/2023","43.03","42.25","43.43","42.23","417.74M","-0.05%"
"06/21/2023","43.04","43.50","43.62","42.08","551.60M","-1.74%"
"06/20/2023","43.81","43.00","43.99","42.67","451.15M","2.61%"
"06/16/2023","42.69","43.45","43.72","42.66","655.71M","0.09%"
"06/15/2023","42.65","42.60","43.29","42.15","568.62M","-0.80%"
"06/14/2023","43.00","40.82","43.00","40.55","740.47M","4.81%"
"06/13/2023","41.02","40.19","41.10","39.74","613.21M","3.90%"
"06/12/2023","39.48","39.20","39.53","38.62","389.67M","1.84%"
"06/09/2023","38.77","39.04","39.71","38.57","427.72M","0.68%"
"06/08/2023","38.51","37.72","38.86","37.51","417.77M","2.76%"
"06/07/2023","37.47","38.92","39.50","37.36","512.00M","-3.05%"
"06/06/2023","38.65","38.83","39.16","38.15","388.73M","-1.32%"
"06/05/2023","39.17","38.91","39.57","38.71","396.09M","-0.40%"
"06/02/2023","39.33","40.10","40.50","39.06","482.73M","-1.11%"
"06/01/2023","39.77","38.49","40.05","38.34","635.87M","5.12%"
"05/31/2023","37.83","39.49","40.29","37.82","1.00B","-5.68%"
"05/30/2023","40.11","40.60","41.94","39.95","923.40M","2.99%"
"05/26/2023","38.95","37.89","39.17","37.55","714.40M","2.54%"
"05/25/2023","37.98","38.52","39.48","36.63","1.54B","24.37%"
"05/24/2023","30.54","30.21","30.61","29.81","721.42M","-0.49%"
"05/23/2023","30.69","31.00","31.29","30.63","356.25M","-1.57%"
"05/22/2023","31.18","30.90","31.52","30.68","372.00M","-0.28%"
"05/19/2023","31.26","31.54","31.58","30.92","473.91M","-1.31%"
"05/18/2023","31.68","30.41","31.83","30.32","748.72M","4.97%"
"05/17/2023","30.18","29.58","30.20","29.43","432.54M","3.30%"
"05/16/2023","29.21","28.84","29.87","28.83","449.40M","0.90%"
"05/15/2023","28.95","28.51","28.97","28.15","293.93M","2.16%"
"05/12/2023","28.34","28.53","28.78","28.05","274.22M","-0.83%"
"05/11/2023","28.58","28.90","28.95","28.25","322.15M","-1.06%"
"05/10/2023","28.89","29.00","29.11","28.46","369.35M","1.10%"
"05/09/2023","28.57","28.90","28.97","28.45","314.87M","-1.99%"
"05/08/2023","29.15","28.52","29.22","28.35","344.98M","1.64%"
"05/05/2023","28.68","27.83","28.75","27.73","361.49M","4.06%"
"05/04/2023","27.56","27.65","27.86","27.24","321.85M","-0.86%"
"05/03/2023","27.80","27.84","28.37","27.47","383.39M","-1.45%"
"05/02/2023","28.21","28.68","28.84","28.08","402.73M","-2.42%"
"05/01/2023","28.91","27.84","29.06","27.78","570.33M","4.18%"
"04/28/2023","27.75","27.23","27.76","27.07","292.22M","1.92%"
"04/27/2023","27.23","27.36","27.50","26.63","377.16M","1.00%"
"04/26/2023","26.96","27.00","27.33","26.71","406.34M","2.72%"
"04/25/2023","26.24","27.08","27.25","26.23","378.53M","-2.96%"
"04/24/2023","27.04","27.01","27.37","26.67","339.28M","-0.28%"
"04/21/2023","27.12","26.95","27.18","26.72","345.10M","0.06%"
"04/20/2023","27.10","27.67","28.03","27.00","427.71M","-2.96%"
"04/19/2023","27.93","27.36","28.00","27.23","358.66M","0.95%"
"04/18/2023","27.67","27.53","28.11","27.36","604.81M","2.46%"
"04/17/2023","27.00","26.57","27.01","26.43","321.47M","0.91%"
"04/14/2023","26.76","26.50","26.88","26.22","395.66M","1.11%"
"04/13/2023","26.46","26.73","26.89","26.33","353.62M","-0.12%"
"04/12/2023","26.50","27.37","27.47","26.45","446.26M","-2.48%"
"04/11/2023","27.17","27.72","27.79","27.13","314.38M","-1.49%"
"04/10/2023","27.58","26.82","27.62","26.67","395.28M","2.00%"
"04/06/2023","27.04","26.58","27.08","26.43","397.65M","0.58%"
"04/05/2023","26.88","26.83","27.00","26.40","515.02M","-2.08%"
"04/04/2023","27.45","27.97","28.00","27.31","368.59M","-1.83%"
"04/03/2023","27.97","27.51","28.00","27.34","398.72M","0.68%"
"03/31/2023","27.78","27.14","27.83","27.10","433.93M","1.44%"
"03/30/2023","27.38","27.23","27.50","27.10","364.52M","1.48%"
"03/29/2023","26.98","26.83","27.08","26.60","393.69M","2.17%"
"03/28/2023","26.41","26.45","26.51","25.85","356.10M","-0.46%"
"03/27/2023","26.53","26.84","27.00","26.36","361.03M","-0.93%"
"03/24/2023","26.78","27.03","27.17","26.35","455.41M","-1.52%"
"03/23/2023","27.19","27.12","27.50","26.69","564.89M","2.73%"
"03/22/2023","26.47","26.42","27.59","26.24","797.29M","1.03%"
"03/21/2023","26.20","26.18","26.39","25.38","547.41M","1.15%"
"03/20/2023","25.90","25.61","26.02","25.13","432.75M","0.68%"
"03/17/2023","25.73","25.98","26.40","25.67","848.55M","0.72%"
"03/16/2023","25.54","24.03","25.59","23.89","584.95M","5.42%"
"03/15/2023","24.23","23.76","24.29","23.36","524.49M","0.69%"
"03/14/2023","24.06","23.50","24.22","23.46","474.91M","4.78%"
"03/13/2023","22.97","22.75","23.30","22.30","421.89M","0.00%"
"03/10/2023","22.97","23.41","23.63","22.73","474.87M","-2.01%"
"03/09/2023","23.44","24.17","24.45","23.38","501.26M","-3.08%"
"03/08/2023","24.18","23.49","24.20","23.42","513.57M","3.83%"
"03/07/2023","23.29","23.60","24.13","23.24","515.15M","-1.13%"
"03/06/2023","23.55","23.89","24.25","23.49","437.43M","-1.41%"
"03/03/2023","23.89","23.32","23.90","23.13","412.39M","2.47%"
"03/02/2023","23.31","22.49","23.38","22.43","390.08M","2.71%"
"03/01/2023","22.70","23.19","23.26","22.51","460.03M","-2.23%"
"02/28/2023","23.22","23.37","23.83","23.21","455.96M","-1.21%"
"02/27/2023","23.50","23.67","23.88","23.45","452.99M","0.92%"
"02/24/2023","23.29","23.23","23.47","22.95","589.72M","-1.60%"
"02/23/2023","23.66","23.44","23.89","23.02","1.12B","14.02%"
"02/22/2023","20.75","20.71","21.10","20.42","513.18M","0.48%"
"02/21/2023","20.66","21.00","21.49","20.62","410.02M","-3.43%"
"02/17/2023","21.39","21.63","21.74","20.98","465.89M","-2.79%"
"02/16/2023","22.00","22.13","22.55","21.93","412.03M","-3.35%"
"02/15/2023","22.76","22.55","22.85","22.11","421.19M","-0.90%"
"02/14/2023","22.97","21.58","23.05","21.37","675.47M","5.43%"
"02/13/2023","21.79","21.54","22.05","20.96","474.92M","2.46%"
"02/10/2023","21.26","21.69","22.08","20.81","550.74M","-4.80%"
"02/09/2023","22.34","22.61","23.02","22.12","523.88M","0.59%"
"02/08/2023","22.20","22.39","22.88","22.01","559.65M","0.14%"
"02/07/2023","22.17","21.38","22.26","21.15","664.15M","5.14%"
"02/06/2023","21.09","20.81","21.57","20.79","452.20M","-0.05%"
"02/03/2023","21.10","21.00","21.74","20.79","429.37M","-2.81%"
"02/02/2023","21.71","21.00","21.95","20.70","564.28M","3.66%"
"02/01/2023","20.94","19.69","21.19","19.61","660.48M","7.20%"
"01/31/2023","19.54","19.17","19.69","18.95","498.02M","1.96%"
"01/30/2023","19.16","19.95","20.14","19.15","488.61M","-5.91%"
"01/27/2023","20.36","19.46","20.63","19.41","542.14M","2.84%"
"01/26/2023","19.80","19.70","20.17","19.28","489.54M","2.48%"
"01/25/2023","19.32","18.91","19.37","18.58","449.54M","0.30%"
"01/24/2023","19.26","18.83","19.50","18.82","496.20M","0.38%"
"01/23/2023","19.19","18.06","19.25","17.82","655.16M","7.59%"
"01/20/2023","17.84","17.01","17.86","16.83","564.97M","6.41%"
"01/19/2023","16.76","17.04","17.20","16.73","452.93M","-3.52%"
"01/18/2023","17.38","17.67","17.87","17.28","439.62M","-1.84%"
"01/17/2023","17.70","16.90","17.73","16.90","511.10M","4.75%"
"01/13/2023","16.90","16.28","16.92","16.17","447.29M","2.35%"
"01/12/2023","16.51","16.10","16.64","15.49","551.41M","3.19%"
"01/11/2023","16.00","15.84","16.03","15.56","353.28M","0.58%"
"01/10/2023","15.91","15.51","15.96","15.47","384.10M","1.80%"
"01/09/2023","15.63","15.28","16.06","15.14","504.23M","5.18%"
"01/06/2023","14.86","14.47","15.01","14.03","405.04M","4.16%"
"01/05/2023","14.27","14.49","14.56","14.15","389.17M","-3.28%"
"01/04/2023","14.75","14.57","14.85","14.24","431.32M","3.03%"
"01/03/2023","14.31","14.85","15.00","14.10","401.28M","-2.05%"
"12/30/2022","14.61","14.33","14.63","14.23","310.49M","0.08%"
"12/29/2022","14.60","14.40","14.68","14.23","354.92M","4.04%"
"12/28/2022","14.04","13.93","14.26","13.88","351.07M","-0.60%"
"12/27/2022","14.12","15.07","15.10","14.06","464.90M","-7.14%"
"12/23/2022","15.21","15.20","15.34","14.88","349.33M","-0.87%"
"12/22/2022","15.34","16.09","16.14","14.88","565.04M","-7.04%"
"12/21/2022","16.50","16.11","16.63","16.10","325.02M","2.59%"
"12/20/2022","16.08","16.06","16.31","15.85","403.26M","-1.04%"
"12/19/2022","16.25","16.57","16.61","16.15","354.04M","-1.91%"
"12/16/2022","16.57","16.86","17.04","16.41","478.23M","-2.25%"
"12/15/2022","16.95","17.15","17.32","16.70","478.54M","-4.09%"
"12/14/2022","17.67","17.99","18.25","17.42","496.89M","-2.20%"
"12/13/2022","18.07","18.53","18.79","17.71","656.59M","3.06%"
"12/12/2022","17.53","17.04","17.54","16.80","457.33M","3.14%"
"12/09/2022","17.00","17.16","17.58","16.98","465.34M","-0.98%"
"12/08/2022","17.17","16.27","17.18","15.96","515.46M","6.51%"
"12/07/2022","16.12","15.77","16.19","15.67","372.39M","0.83%"
"12/06/2022","15.99","16.53","16.57","15.82","352.69M","-3.75%"
"12/05/2022","16.61","16.68","17.00","16.47","352.26M","-1.58%"
"12/02/2022","16.88","16.66","16.93","16.44","371.39M","-1.51%"
"12/01/2022","17.14","17.00","17.26","16.64","470.98M","1.25%"
"11/30/2022","16.92","15.70","16.93","15.60","565.30M","8.21%"
"11/29/2022","15.64","15.83","15.93","15.52","298.38M","-1.19%"
"11/28/2022","15.83","16.03","16.36","15.73","304.15M","-2.72%"
"11/25/2022","16.27","16.32","16.49","16.17","167.93M","-1.51%"
"11/23/2022","16.52","16.10","16.53","16.05","427.24M","3.00%"
"11/22/2022","16.04","15.33","16.06","15.12","472.87M","4.71%"
"11/21/2022","15.32","15.15","15.48","15.08","404.74M","-0.60%"
"11/18/2022","15.41","15.97","16.00","15.12","492.07M","-1.71%"
"11/17/2022","15.68","15.72","16.27","15.53","710.89M","-1.46%"
"11/16/2022","15.91","16.16","16.36","15.87","649.55M","-4.54%"
"11/15/2022","16.67","16.72","17.00","16.38","545.88M","2.28%"
"11/14/2022","16.30","16.22","16.54","15.92","527.85M","-0.20%"
"11/11/2022","16.33","15.81","16.39","15.48","655.49M","3.66%"
"11/10/2022","15.75","14.80","15.77","14.55","700.82M","14.33%"
"11/09/2022","13.78","14.16","14.21","13.76","454.41M","-5.66%"
"11/08/2022","14.60","14.80","14.89","14.22","595.29M","2.10%"
"11/07/2022","14.30","14.23","14.41","13.95","410.06M","1.02%"
"11/04/2022","14.16","13.99","14.23","13.70","612.58M","5.48%"
"11/03/2022","13.42","13.04","13.78","12.96","500.06M","1.53%"
"11/02/2022","13.22","13.85","14.21","13.21","672.63M","-2.39%"
"11/01/2022","13.54","13.81","13.93","13.52","432.82M","0.34%"
"10/31/2022","13.50","13.78","13.84","13.30","486.34M","-2.44%"
"10/28/2022","13.83","13.10","13.85","13.06","521.04M","4.99%"
"10/27/2022","13.18","13.63","13.84","13.12","583.11M","2.17%"
"10/26/2022","12.90","12.87","13.39","12.71","535.53M","-2.75%"
"10/25/2022","13.26","12.69","13.30","12.66","505.48M","5.25%"
"10/24/2022","12.60","12.51","12.71","12.06","517.46M","1.07%"
"10/21/2022","12.47","12.10","12.50","11.89","609.49M","2.23%"
"10/20/2022","12.19","12.11","12.77","12.10","652.40M","1.19%"
"10/19/2022","12.05","11.88","12.35","11.83","523.13M","0.70%"
"10/18/2022","11.97","12.34","12.49","11.62","659.36M","0.66%"
"10/17/2022","11.89","11.52","11.95","11.52","580.77M","5.89%"
"10/14/2022","11.23","12.06","12.11","11.20","713.43M","-6.13%"
"10/13/2022","11.96","10.97","12.08","10.81","850.10M","4.00%"
"10/12/2022","11.50","11.58","11.73","11.35","492.59M","-0.74%"
"10/11/2022","11.59","11.56","11.85","11.28","667.48M","-0.72%"
"10/10/2022","11.67","12.04","12.12","11.41","698.70M","-3.36%"
"10/07/2022","12.08","12.51","12.67","12.02","672.48M","-8.03%"
"10/06/2022","13.13","13.22","13.66","13.10","644.16M","-0.60%"
"10/05/2022","13.21","12.91","13.32","12.62","507.13M","0.32%"
"10/04/2022","13.17","12.88","13.22","12.88","584.18M","5.23%"
"10/03/2022","12.51","12.35","12.68","12.10","547.48M","3.07%"
"09/30/2022","12.14","12.09","12.63","12.07","565.64M","-0.66%"
"09/29/2022","12.22","12.45","12.50","11.95","532.76M","-4.05%"
"09/28/2022","12.74","12.41","12.82","12.35","542.41M","2.60%"
"09/27/2022","12.41","12.51","12.74","12.26","553.85M","1.51%"
"09/26/2022","12.23","12.49","12.66","12.21","547.34M","-2.30%"
"09/23/2022","12.52","12.42","12.61","12.26","663.31M","-0.36%"
"09/22/2022","12.56","13.07","13.15","12.43","759.16M","-5.28%"
"09/21/2022","13.26","13.21","14.03","13.11","807.68M","0.65%"
"09/20/2022","13.18","13.21","13.48","13.06","524.82M","-1.54%"
"09/19/2022","13.38","13.01","13.46","13.01","569.68M","1.39%"
"09/16/2022","13.20","12.74","13.21","12.62","670.75M","2.08%"
"09/15/2022","12.93","13.02","13.23","12.79","523.62M","-1.52%"
"09/14/2022","13.13","13.25","13.29","12.91","588.51M","0.00%"
"09/13/2022","13.13","13.80","13.92","13.10","714.96M","-9.47%"
"09/12/2022","14.51","14.37","14.55","14.20","484.16M","0.82%"
"09/09/2022","14.39","14.16","14.47","14.13","487.13M","2.84%"
"09/08/2022","13.99","13.46","14.01","13.37","624.87M","2.01%"
"09/07/2022","13.71","13.56","13.84","13.35","512.66M","1.85%"
"09/06/2022","13.47","13.73","13.78","13.35","535.75M","-1.33%"
"09/02/2022","13.65","14.10","14.17","13.59","743.16M","-2.08%"
"09/01/2022","13.94","14.21","14.38","13.27","1.18B","-7.67%"
"08/31/2022","15.09","15.38","15.54","14.96","573.71M","-2.42%"
"08/30/2022","15.47","15.96","16.04","15.18","530.18M","-2.11%"
"08/29/2022","15.80","16.02","16.34","15.77","496.13M","-2.82%"
"08/26/2022","16.26","17.86","17.92","16.24","769.13M","-9.23%"
"08/25/2022","17.91","16.84","17.95","16.83","770.69M","4.01%"
"08/24/2022","17.22","17.01","17.41","16.90","522.66M","0.24%"
"08/23/2022","17.18","16.99","17.47","16.97","369.99M","0.86%"
"08/22/2022","17.03","17.49","17.56","16.97","409.59M","-4.57%"
"08/19/2022","17.85","18.41","18.52","17.77","441.59M","-4.92%"
"08/18/2022","18.77","18.30","18.86","18.18","415.45M","2.39%"
"08/17/2022","18.33","18.52","18.69","18.15","446.80M","-2.88%"
"08/16/2022","18.88","18.92","19.14","18.50","451.24M","-0.80%"
"08/15/2022","19.03","18.70","19.16","18.61","457.67M","1.73%"
"08/12/2022","18.71","18.16","18.72","17.95","478.09M","4.27%"
"08/11/2022","17.94","18.13","18.71","17.88","509.33M","-0.86%"
"08/10/2022","18.10","17.70","18.12","17.32","597.42M","5.92%"
"08/09/2022","17.09","17.25","17.45","16.72","668.26M","-3.97%"
"08/08/2022","17.79","17.50","18.24","17.24","983.78M","-6.30%"
"08/05/2022","18.99","18.81","19.23","18.67","386.07M","-1.18%"
"08/04/2022","19.22","18.85","19.27","18.76","409.65M","1.70%"
"08/03/2022","18.89","18.18","18.97","18.14","418.15M","1.98%"
"08/02/2022","18.53","18.12","18.94","18.09","489.53M","0.46%"
"08/01/2022","18.44","18.18","18.85","17.99","476.47M","1.53%"
"07/29/2022","18.16","17.81","18.24","17.69","435.46M","1.00%"
"07/28/2022","17.98","17.98","18.14","17.44","474.65M","1.09%"
"07/27/2022","17.79","17.03","17.94","16.91","569.78M","7.60%"
"07/26/2022","16.53","16.89","16.92","16.48","397.86M","-2.88%"
"07/25/2022","17.02","17.02","17.12","16.65","480.75M","-1.70%"
"07/22/2022","17.32","17.89","17.97","17.14","536.67M","-4.05%"
"07/21/2022","18.05","17.89","18.14","17.54","557.05M","1.36%"
"07/20/2022","17.81","16.95","17.93","16.80","760.54M","4.80%"
"07/19/2022","16.99","16.49","17.11","16.17","702.37M","5.53%"
"07/18/2022","16.10","16.30","16.90","16.00","670.52M","2.15%"
"07/15/2022","15.76","15.66","15.78","15.44","385.94M","2.54%"
"07/14/2022","15.37","15.11","15.47","14.73","456.24M","1.37%"
"07/13/2022","15.16","14.59","15.38","14.47","521.92M","0.54%"
"07/12/2022","15.08","15.27","15.43","14.88","458.48M","-0.46%"
"07/11/2022","15.15","15.53","15.53","15.04","438.39M","-4.33%"
"07/08/2022","15.84","15.43","16.04","15.39","467.97M","-0.13%"
"07/07/2022","15.86","15.46","15.94","15.39","492.90M","4.81%"
"07/06/2022","15.13","15.01","15.32","14.79","529.07M","1.11%"
"07/05/2022","14.96","14.18","14.97","14.06","652.21M","3.04%"
"07/01/2022","14.52","14.90","15.06","14.39","577.61M","-4.20%"
"06/30/2022","15.16","15.36","15.57","14.86","686.07M","-2.46%"
"06/29/2022","15.54","15.81","15.82","15.17","482.35M","-2.75%"
"06/28/2022","15.98","16.90","17.20","15.94","461.86M","-5.26%"
"06/27/2022","16.87","17.31","17.33","16.63","427.97M","-1.50%"
"06/24/2022","17.13","16.50","17.14","16.31","472.15M","5.55%"
"06/23/2022","16.23","16.52","16.58","15.85","463.68M","-0.83%"
"06/22/2022","16.36","16.23","16.66","16.18","438.00M","-1.24%"
"06/21/2022","16.57","16.47","17.01","16.41","483.09M","4.32%"
"06/17/2022","15.88","15.65","15.99","15.33","630.33M","1.79%"
"06/16/2022","15.60","15.86","15.94","15.40","545.75M","-5.60%"
"06/15/2022","16.53","16.09","16.87","15.93","563.94M","4.36%"
"06/14/2022","15.84","15.73","16.07","15.41","469.68M","1.21%"
"06/13/2022","15.65","16.00","16.31","15.61","604.15M","-7.82%"
"06/10/2022","16.97","17.60","17.70","16.87","465.65M","-5.95%"
"06/09/2022","18.05","18.48","18.93","18.04","395.57M","-3.23%"
"06/08/2022","18.65","18.80","19.18","18.54","363.25M","-1.48%"
"06/07/2022","18.93","18.47","19.00","18.19","388.91M","0.75%"
"06/06/2022","18.79","19.14","19.34","18.56","422.41M","0.37%"
"06/03/2022","18.72","19.08","19.33","18.52","598.78M","-4.44%"
"06/02/2022","19.59","18.29","19.62","18.20","648.66M","6.93%"
"06/01/2022","18.32","18.72","19.05","18.12","544.51M","-1.87%"
"05/31/2022","18.67","18.98","19.20","18.35","664.10M","-0.74%"
"05/27/2022","18.81","18.19","18.88","18.10","738.38M","5.38%"
"05/26/2022","17.85","16.04","18.09","16.02","996.57M","5.12%"
"05/25/2022","16.98","16.02","17.11","16.00","781.13M","5.14%"
"05/24/2022","16.15","16.51","16.60","15.78","588.55M","-4.44%"
"05/23/2022","16.90","16.27","16.91","16.18","639.89M","1.26%"
"05/20/2022","16.69","17.33","17.41","15.76","739.11M","-2.51%"
"05/19/2022","17.12","16.94","17.69","16.73","621.31M","1.06%"
"05/18/2022","16.94","17.70","18.12","16.86","545.16M","-6.82%"
"05/17/2022","18.18","18.07","18.37","17.63","585.83M","5.33%"
"05/16/2022","17.26","17.51","17.79","17.11","521.45M","-2.54%"
"05/13/2022","17.71","16.79","17.93","16.59","670.44M","9.46%"
"05/12/2022","16.18","16.22","16.79","15.57","708.73M","-2.71%"
"05/11/2022","16.63","17.35","17.75","16.57","670.17M","-5.46%"
"05/10/2022","17.59","17.69","18.20","17.02","761.47M","3.78%"
"05/09/2022","16.95","18.03","18.25","16.83","644.45M","-9.26%"
"05/06/2022","18.68","18.74","19.51","17.99","633.30M","-0.85%"
"05/05/2022","18.84","19.87","19.93","18.50","626.33M","-7.33%"
"05/04/2022","20.33","19.92","20.40","18.75","648.85M","3.72%"
"05/03/2022","19.60","19.40","19.82","19.13","475.75M","0.36%"
"05/02/2022","19.53","18.54","19.57","18.39","572.05M","5.28%"
"04/29/2022","18.55","19.40","20.13","18.52","500.43M","-6.22%"
"04/28/2022","19.78","18.97","20.04","18.49","570.33M","7.44%"
"04/27/2022","18.41","18.60","19.17","18.29","499.46M","-2.02%"
"04/26/2022","18.79","19.72","19.79","18.67","653.14M","-5.58%"
"04/25/2022","19.90","19.20","19.95","19.10","641.57M","1.95%"
"04/22/2022","19.52","20.30","20.49","19.50","624.71M","-3.27%"
"04/21/2022","20.18","21.71","22.39","20.00","656.21M","-6.05%"
"04/20/2022","21.48","22.52","22.67","21.20","468.97M","-3.24%"
"04/19/2022","22.20","21.72","22.37","21.31","512.78M","1.93%"
"04/18/2022","21.78","21.20","22.09","21.08","525.70M","2.45%"
"04/14/2022","21.26","22.50","22.78","21.16","569.10M","-4.23%"
"04/13/2022","22.20","21.73","22.50","21.45","516.94M","3.26%"
"04/12/2022","21.50","22.54","22.73","21.28","662.26M","-1.92%"
"04/11/2022","21.92","22.21","22.32","21.66","575.21M","-5.19%"
"04/08/2022","23.12","23.92","23.92","23.06","524.78M","-4.50%"
"04/07/2022","24.21","24.44","24.72","23.48","557.99M","-0.82%"
"04/06/2022","24.41","24.93","25.30","24.00","703.83M","-5.86%"
"04/05/2022","25.93","27.25","27.32","25.82","436.61M","-5.23%"
"04/04/2022","27.36","26.73","27.56","26.61","397.71M","2.43%"
"04/01/2022","26.71","27.38","27.50","26.27","517.24M","-2.13%"
"03/31/2022","27.29","27.78","28.25","27.27","523.44M","-1.44%"
"03/30/2022","27.69","28.30","28.50","27.50","463.49M","-3.38%"
"03/29/2022","28.66","28.69","28.95","27.98","488.98M","1.56%"
"03/28/2022","28.22","27.76","28.25","27.21","425.49M","1.91%"
"03/25/2022","27.69","27.89","28.36","27.27","579.02M","-1.63%"
"03/24/2022","28.15","26.17","28.32","25.91","877.38M","9.83%"
"03/23/2022","25.63","26.13","26.61","25.58","502.12M","-3.36%"
"03/22/2022","26.52","26.73","27.24","26.07","547.01M","-0.79%"
"03/21/2022","26.73","26.51","27.15","25.97","591.73M","1.06%"
"03/18/2022","26.45","24.80","26.57","24.62","730.72M","6.78%"
"03/17/2022","24.77","24.12","24.84","23.91","471.94M","1.10%"
"03/16/2022","24.50","23.50","24.60","23.17","671.42M","6.66%"
"03/15/2022","22.97","21.52","23.04","21.32","492.00M","7.69%"
"03/14/2022","21.33","21.87","22.26","21.16","385.35M","-3.48%"
"03/11/2022","22.10","23.02","23.14","22.05","367.21M","-2.47%"
"03/10/2022","22.66","22.53","22.79","21.88","428.07M","-1.52%"
"03/09/2022","23.01","22.39","23.22","22.25","492.74M","6.97%"
"03/08/2022","21.51","21.31","22.37","20.65","557.47M","0.75%"
"03/07/2022","21.35","22.82","23.03","21.33","450.82M","-6.93%"
"03/04/2022","22.94","23.38","23.68","22.48","432.01M","-3.25%"
"03/03/2022","23.71","24.26","24.33","23.47","365.10M","-2.11%"
"03/02/2022","24.22","23.76","24.41","23.41","389.64M","3.15%"
"03/01/2022","23.48","24.29","24.38","23.13","412.06M","-3.73%"
"02/28/2022","24.39","23.99","24.66","23.71","477.32M","0.95%"
"02/25/2022","24.16","23.72","24.22","23.38","528.87M","1.73%"
"02/24/2022","23.75","21.02","23.80","20.89","735.80M","6.07%"
"02/23/2022","22.39","23.80","24.15","22.30","566.51M","-4.28%"
"02/22/2022","23.39","23.04","24.06","23.00","633.42M","-1.06%"
"02/18/2022","23.64","24.67","24.99","23.10","761.25M","-3.55%"
"02/17/2022","24.51","25.63","25.79","24.16","810.60M","-7.54%"
"02/16/2022","26.51","26.26","26.58","25.55","732.68M","0.04%"
"02/15/2022","26.50","24.95","26.55","24.78","701.75M","9.19%"
"02/14/2022","24.27","23.93","24.88","23.75","440.42M","1.34%"
"02/11/2022","23.95","25.92","26.15","23.77","605.47M","-7.24%"
"02/10/2022","25.82","26.00","26.92","25.60","513.20M","-3.30%"
"02/09/2022","26.70","25.62","26.73","25.35","524.28M","6.33%"
"02/08/2022","25.11","24.36","25.23","23.98","410.36M","1.54%"
"02/07/2022","24.73","24.37","25.18","24.20","376.87M","1.69%"
"02/04/2022","24.32","23.97","24.64","23.63","354.83M","1.54%"
"02/03/2022","23.95","24.46","25.08","23.78","410.18M","-5.11%"
"02/02/2022","25.24","25.79","25.82","24.55","543.42M","2.44%"
"02/01/2022","24.64","25.10","25.14","23.89","518.93M","0.61%"
"01/31/2022","24.49","23.18","24.51","23.05","564.68M","7.22%"
"01/28/2022","22.84","22.01","22.86","21.30","543.77M","4.10%"
"01/27/2022","21.94","23.57","24.00","21.68","573.35M","-3.65%"
"01/26/2022","22.77","23.24","24.06","22.30","755.96M","2.02%"
"01/25/2022","22.32","22.55","22.94","22.00","664.62M","-4.49%"
"01/24/2022","23.37","22.33","23.38","20.89","915.81M","0.00%"
"01/21/2022","23.37","23.51","24.82","23.26","718.96M","-3.23%"
"01/20/2022","24.15","25.30","25.58","24.08","435.18M","-3.67%"
"01/19/2022","25.07","26.08","26.54","25.05","488.31M","-3.20%"
"01/18/2022","25.90","26.26","26.64","25.77","425.31M","-3.86%"
"01/14/2022","26.94","26.30","27.20","26.21","395.83M","1.39%"
"01/13/2022","26.57","28.38","28.48","26.50","538.87M","-5.11%"
"01/12/2022","28.00","28.07","28.59","27.61","383.41M","0.65%"
"01/11/2022","27.82","27.32","28.07","26.84","404.09M","1.53%"
"01/10/2022","27.40","26.58","27.47","25.64","594.68M","0.55%"
"01/07/2022","27.25","28.14","28.42","27.06","409.94M","-3.30%"
"01/06/2022","28.18","27.64","28.44","27.07","454.19M","2.10%"
"01/05/2022","27.60","28.95","29.42","27.53","498.06M","-5.77%"
"01/04/2022","29.29","30.28","30.47","28.35","527.15M","-2.76%"
"01/03/2022","30.12","29.82","30.71","29.79","392.40M","2.41%"
"12/31/2021","29.41","29.67","30.03","29.33","266.53M","-0.61%"
"12/30/2021","29.59","29.83","30.46","29.54","308.86M","-1.37%"
"12/29/2021","30.00","30.27","30.55","29.37","343.14M","-1.06%"
"12/28/2021","30.32","31.31","31.33","30.01","420.59M","-2.04%"
"12/27/2021","30.95","29.66","31.09","29.64","403.69M","4.42%"
"12/23/2021","29.64","29.75","30.06","29.43","343.02M","0.82%"
"12/22/2021","29.40","28.89","29.55","28.45","395.18M","1.14%"
"12/21/2021","29.07","28.37","29.12","27.40","524.38M","4.87%"
"12/20/2021","27.72","27.30","28.14","27.14","461.85M","-0.29%"
"12/17/2021","27.80","27.98","28.92","27.76","716.62M","-2.08%"
"12/16/2021","28.39","31.15","31.16","28.09","707.37M","-6.80%"
"12/15/2021","30.46","28.40","30.50","27.84","698.30M","7.48%"
"12/14/2021","28.34","27.70","28.68","27.25","667.04M","0.64%"
"12/13/2021","28.16","30.25","30.29","28.12","598.34M","-6.75%"
"12/10/2021","30.20","31.15","31.30","29.86","488.83M","-0.95%"
"12/09/2021","30.49","31.73","32.20","30.43","488.51M","-4.21%"
"12/08/2021","31.83","32.00","32.29","31.42","475.55M","-1.85%"
"12/07/2021","32.43","30.96","32.45","30.65","593.05M","7.96%"
"12/06/2021","30.04","29.88","30.24","28.04","658.94M","-2.12%"
"12/03/2021","30.69","32.00","32.13","30.13","544.33M","-4.48%"
"12/02/2021","32.13","31.21","32.48","31.02","472.89M","2.23%"
"12/01/2021","31.43","33.22","33.29","31.38","485.80M","-3.82%"
"11/30/2021","32.68","33.17","33.35","31.86","622.07M","-2.10%"
"11/29/2021","33.38","32.37","33.41","32.04","454.96M","5.97%"
"11/26/2021","31.50","32.60","32.71","31.35","283.07M","-3.58%"
"11/24/2021","32.67","31.46","32.85","30.93","435.16M","2.90%"
"11/23/2021","31.75","31.54","32.36","30.88","532.16M","-0.66%"
"11/22/2021","31.96","33.52","34.65","31.90","754.34M","-3.09%"
"11/19/2021","32.98","32.24","33.09","31.91","533.87M","4.10%"
"11/18/2021","31.68","32.37","32.76","31.32","781.71M","8.27%"
"11/17/2021","29.26","30.42","30.51","28.80","428.51M","-3.11%"
"11/16/2021","30.20","29.76","30.39","29.71","264.48M","0.60%"
"11/15/2021","30.02","30.55","30.64","29.25","384.91M","-1.22%"
"11/12/2021","30.39","30.01","30.68","29.63","413.05M","0.00%"
"11/11/2021","30.39","30.47","30.59","29.78","332.17M","3.16%"
"11/10/2021","29.46","29.36","30.85","28.78","636.21M","-3.91%"
"11/09/2021","30.66","32.28","32.31","29.96","646.75M","-0.45%"
"11/08/2021","30.80","30.15","31.10","29.91","503.10M","3.53%"
"11/05/2021","29.75","30.19","31.40","29.41","851.26M","-0.17%"
"11/04/2021","29.80","27.23","31.36","27.12","1.15B","12.03%"
"11/03/2021","26.60","26.67","26.78","26.23","239.91M","0.76%"
"11/02/2021","26.40","25.82","26.68","25.80","294.11M","2.21%"
"11/01/2021","25.83","25.65","25.89","25.23","265.74M","1.02%"
"10/29/2021","25.57","25.00","25.71","25.00","292.50M","2.53%"
"10/28/2021","24.94","24.88","24.95","24.52","234.20M","2.00%"
"10/27/2021","24.45","24.47","25.09","24.28","245.99M","-1.09%"
"10/26/2021","24.72","23.99","25.26","23.92","485.90M","6.69%"
"10/25/2021","23.17","22.97","23.35","22.77","230.23M","1.94%"
"10/22/2021","22.73","22.82","23.13","22.56","249.38M","0.18%"
"10/21/2021","22.69","22.10","22.71","22.08","187.59M","2.67%"
"10/20/2021","22.10","22.30","22.43","21.98","146.28M","-0.85%"
"10/19/2021","22.29","22.28","22.38","22.04","161.47M","0.32%"
"10/18/2021","22.22","21.75","22.29","21.64","189.49M","1.65%"
"10/15/2021","21.86","21.81","21.93","21.66","226.99M","0.51%"
"10/14/2021","21.75","21.29","21.75","21.12","243.59M","3.87%"
"10/13/2021","20.94","20.92","20.99","20.71","180.65M","1.31%"
"10/12/2021","20.67","20.83","21.06","20.53","162.13M","-0.14%"
"10/11/2021","20.70","20.57","21.06","20.51","163.39M","-0.62%"
"10/08/2021","20.83","21.10","21.21","20.77","151.26M","-1.14%"
"10/07/2021","21.07","21.09","21.32","20.97","256.92M","1.79%"
"10/06/2021","20.70","20.12","20.72","20.08","297.20M","1.22%"
"10/05/2021","20.45","19.95","20.65","19.85","279.28M","3.65%"
"10/04/2021","19.73","20.50","20.54","19.55","345.63M","-4.87%"
"10/01/2021","20.74","20.75","20.86","20.20","240.98M","0.10%"
"09/30/2021","20.72","20.77","21.07","20.69","221.01M","0.97%"
"09/29/2021","20.52","20.94","21.02","20.47","218.39M","-0.87%"
"09/28/2021","20.70","21.21","21.42","20.65","343.07M","-4.43%"
"09/27/2021","21.66","21.71","21.80","21.32","245.22M","-1.90%"
"09/24/2021","22.08","22.07","22.15","21.86","217.66M","-1.78%"
"09/23/2021","22.48","22.14","22.53","21.89","248.55M","2.46%"
"09/22/2021","21.94","21.37","21.96","21.20","268.73M","3.25%"
"09/21/2021","21.25","21.42","21.43","20.95","204.69M","0.66%"
"09/20/2021","21.11","21.15","21.43","20.66","349.44M","-3.61%"
"09/17/2021","21.90","22.30","22.32","21.83","294.50M","-1.53%"
"09/16/2021","22.24","22.18","22.28","21.93","156.03M","-0.45%"
"09/15/2021","22.34","22.31","22.37","21.97","166.54M","0.45%"
"09/14/2021","22.24","22.27","22.41","22.09","199.75M","0.41%"
"09/13/2021","22.15","22.68","22.96","21.86","297.50M","-1.47%"
"09/10/2021","22.48","22.35","22.63","22.27","248.38M","1.35%"
"09/09/2021","22.18","22.31","22.54","22.13","196.86M","-0.72%"
"09/08/2021","22.34","22.51","22.61","21.98","254.43M","-1.41%"
"09/07/2021","22.66","22.83","22.90","22.52","198.11M","-0.79%"
"09/03/2021","22.84","22.32","22.99","22.20","280.83M","1.96%"
"09/02/2021","22.40","22.52","22.59","22.29","188.11M","-0.18%"
"09/01/2021","22.44","22.48","22.70","22.36","201.77M","0.22%"
"08/31/2021","22.39","22.70","22.70","22.12","259.85M","-1.32%"
"08/30/2021","22.69","22.83","23.04","22.55","262.58M","0.22%"
"08/27/2021","22.64","22.18","22.72","22.17","304.72M","2.58%"
"08/26/2021","22.07","22.20","22.34","21.79","237.94M","-0.63%"
"08/25/2021","22.21","21.74","22.47","21.72","347.70M","1.93%"
"08/24/2021","21.79","21.75","21.96","21.54","297.30M","-0.77%"
"08/23/2021","21.96","20.97","22.00","20.95","575.81M","5.48%"
"08/20/2021","20.82","19.99","20.87","19.93","675.74M","5.15%"
"08/19/2021","19.80","19.49","20.50","18.76","766.55M","3.99%"
"08/18/2021","19.04","19.50","19.63","19.00","285.91M","-2.16%"
"08/17/2021","19.46","19.68","19.77","19.27","204.58M","-2.46%"
"08/16/2021","19.95","20.14","20.29","19.45","211.15M","-1.19%"
"08/13/2021","20.19","19.91","20.21","19.85","183.06M","1.41%"
"08/12/2021","19.91","19.87","20.03","19.62","151.86M","1.07%"
"08/11/2021","19.70","20.04","20.05","19.43","185.92M","-1.20%"
"08/10/2021","19.94","20.32","20.43","19.83","179.24M","-1.77%"
"08/09/2021","20.30","20.45","20.51","20.14","146.44M","-0.34%"
"08/06/2021","20.37","20.52","20.57","20.21","178.50M","-1.31%"
"08/05/2021","20.64","20.50","20.73","20.34","211.44M","1.83%"
"08/04/2021","20.27","19.99","20.32","19.83","231.31M","2.27%"
"08/03/2021","19.82","19.74","20.22","19.22","301.81M","0.35%"
"08/02/2021","19.75","19.70","19.96","19.36","217.44M","1.28%"
"07/30/2021","19.50","19.42","19.63","19.26","183.50M","-0.81%"
"07/29/2021","19.66","19.52","19.85","19.33","190.78M","0.82%"
"07/28/2021","19.50","19.32","19.65","19.00","202.19M","1.51%"
"07/27/2021","19.21","19.27","19.62","18.74","248.86M","-0.41%"
"07/26/2021","19.29","19.31","19.44","18.91","203.94M","-1.38%"
"07/23/2021","19.56","19.66","19.70","19.25","195.67M","-0.15%"
"07/22/2021","19.59","19.64","19.89","19.28","323.83M","0.93%"
"07/21/2021","19.41","18.88","19.53","18.74","371.02M","4.30%"
"07/20/2021","18.61","18.73","18.84","18.16","434.69M","-0.91%"
"07/19/2021","18.78","17.92","19.04","17.87","749.06M","3.41%"
"07/16/2021","18.16","19.03","19.16","18.07","688.22M","-4.27%"
"07/15/2021","18.97","19.81","19.85","18.86","550.56M","-4.39%"
"07/14/2021","19.84","20.36","20.42","19.75","380.10M","-2.02%"
"07/13/2021","20.25","20.40","20.46","20.11","290.71M","-1.27%"
"07/12/2021","20.51","20.24","20.53","20.19","321.98M","2.29%"
"07/09/2021","20.05","19.96","20.08","19.75","296.62M","0.75%"
"07/08/2021","19.90","19.86","20.13","19.70","503.30M","-2.31%"
"07/07/2021","20.37","20.85","20.88","20.33","418.43M","-1.59%"
"07/06/2021","20.70","20.74","20.84","20.35","446.71M","1.02%"
"07/02/2021","20.49","20.44","20.51","20.29","343.40M","1.39%"
"07/01/2021","20.21","20.12","20.46","20.02","480.13M","1.05%"
"06/30/2021","20.00","20.00","20.16","19.86","326.57M","-0.15%"
"06/29/2021","20.03","19.88","20.10","19.66","367.63M","0.25%"
"06/28/2021","19.98","19.36","20.08","19.32","495.44M","4.99%"
"06/25/2021","19.03","19.28","19.35","18.89","278.37M","-0.94%"
"06/24/2021","19.21","19.23","19.42","19.09","320.92M","0.79%"
"06/23/2021","19.06","19.01","19.15","18.91","332.36M","0.90%"
"06/22/2021","18.89","18.47","18.96","18.39","580.15M","2.50%"
"06/21/2021","18.43","18.44","18.54","17.82","672.38M","-1.13%"
"06/18/2021","18.64","18.78","19.38","18.58","968.85M","-0.11%"
"06/17/2021","18.66","17.77","18.84","17.76","809.65M","4.77%"
"06/16/2021","17.81","17.79","17.95","17.58","307.12M","0.11%"
"06/15/2021","17.79","17.91","18.02","17.73","243.03M","-1.28%"
"06/14/2021","18.02","17.91","18.04","17.66","321.37M","1.07%"
"06/11/2021","17.83","17.48","17.94","17.44","416.31M","2.29%"
"06/10/2021","17.43","17.35","17.49","17.18","287.77M","0.40%"
"06/09/2021","17.36","17.52","17.57","17.26","381.66M","-0.57%"
"06/08/2021","17.46","17.53","17.62","17.25","323.85M","-0.91%"
"06/07/2021","17.62","17.57","17.81","17.19","575.75M","0.23%"
"06/04/2021","17.58","17.11","17.66","17.10","617.12M","3.59%"
"06/03/2021","16.97","16.70","17.26","16.58","580.01M","1.13%"
"06/02/2021","16.78","16.25","16.92","16.24","594.17M","3.20%"
"06/01/2021","16.26","16.27","16.39","15.90","472.80M","0.12%"
"05/28/2021","16.24","15.50","16.28","15.50","644.54M","4.84%"
"05/27/2021","15.49","15.70","15.75","15.46","581.48M","-1.34%"
"05/26/2021","15.70","15.73","15.79","15.59","370.44M","0.32%"
"05/25/2021","15.65","15.77","15.82","15.48","435.41M","0.26%"
"05/24/2021","15.61","15.21","15.74","15.18","554.82M","4.14%"
"05/21/2021","14.99","15.16","15.22","14.87","672.99M","2.60%"
"05/20/2021","14.61","14.30","14.68","14.27","321.59M","3.84%"
"05/19/2021","14.07","13.57","14.08","13.54","344.00M","0.36%"
"05/18/2021","14.02","14.27","14.40","14.00","186.25M","-1.06%"
"05/17/2021","14.17","14.16","14.17","13.85","216.98M","-0.49%"
"05/14/2021","14.24","13.89","14.33","13.75","258.62M","4.17%"
"05/13/2021","13.67","14.03","14.08","13.46","285.73M","-0.65%"
"05/12/2021","13.76","14.01","14.26","13.71","303.41M","-3.84%"
"05/11/2021","14.31","13.82","14.35","13.75","285.59M","0.28%"
"05/10/2021","14.27","14.79","14.81","14.25","268.90M","-3.65%"
"05/07/2021","14.81","14.81","14.97","14.67","229.33M","2.00%"
"05/06/2021","14.52","14.50","14.57","14.22","193.38M","0.41%"
"05/05/2021","14.46","14.71","14.81","14.39","292.02M","0.77%"
"05/04/2021","14.35","14.64","14.64","14.01","405.32M","-3.30%"
"05/03/2021","14.84","15.12","15.25","14.79","203.91M","-1.13%"
"04/30/2021","15.01","15.17","15.36","15.00","201.91M","-2.02%"
"04/29/2021","15.32","15.40","15.44","15.07","173.20M","0.26%"
"04/28/2021","15.28","15.36","15.53","15.22","209.42M","-0.65%"
"04/27/2021","15.38","15.58","15.67","15.35","164.57M","-0.65%"
"04/26/2021","15.48","15.19","15.48","15.12","197.80M","1.38%"
"04/23/2021","15.27","14.93","15.33","14.90","227.77M","2.83%"
"04/22/2021","14.85","15.38","15.44","14.78","277.79M","-3.32%"
"04/21/2021","15.36","15.12","15.36","15.10","216.78M","1.25%"
"04/20/2021","15.17","15.32","15.50","14.96","334.13M","-1.24%"
"04/19/2021","15.36","15.54","15.81","15.23","404.42M","-3.46%"
"04/16/2021","15.91","16.05","16.17","15.87","335.21M","-1.43%"
"04/15/2021","16.14","15.66","16.21","15.63","598.48M","5.63%"
"04/14/2021","15.28","15.62","15.72","15.23","385.50M","-2.55%"
"04/13/2021","15.68","15.23","15.70","15.13","676.21M","3.09%"
"04/12/2021","15.21","14.29","15.35","14.14","869.32M","5.63%"
"04/09/2021","14.40","14.21","14.41","14.18","195.17M","0.56%"
"04/08/2021","14.32","14.25","14.47","14.25","244.41M","1.27%"
"04/07/2021","14.14","13.88","14.24","13.71","251.28M","2.02%"
"04/06/2021","13.86","14.00","14.05","13.77","191.75M","-0.93%"
"04/05/2021","13.99","13.87","14.01","13.73","255.67M","1.30%"
"04/01/2021","13.81","13.57","13.87","13.51","308.27M","3.45%"
"03/31/2021","13.35","13.02","13.47","12.98","314.78M","3.73%"
"03/30/2021","12.87","12.84","12.98","12.71","200.20M","-0.62%"
"03/29/2021","12.95","12.82","13.06","12.70","273.52M","0.86%"
"03/26/2021","12.84","12.55","12.86","12.37","363.97M","2.39%"
"03/25/2021","12.54","12.50","12.71","12.27","295.14M","-0.79%"
"03/24/2021","12.64","13.15","13.16","12.64","245.84M","-3.29%"
"03/23/2021","13.07","13.25","13.34","13.02","222.05M","-0.91%"
"03/22/2021","13.19","12.91","13.39","12.91","297.80M","2.65%"
"03/19/2021","12.85","12.75","12.92","12.61","299.21M","1.02%"
"03/18/2021","12.72","13.14","13.18","12.72","294.19M","-4.65%"
"03/17/2021","13.34","13.04","13.45","12.99","243.86M","0.38%"
"03/16/2021","13.29","13.36","13.51","13.12","272.13M","0.76%"
"03/15/2021","13.19","12.86","13.21","12.77","222.52M","2.57%"
"03/12/2021","12.86","12.65","12.89","12.59","243.96M","-1.00%"
"03/11/2021","12.99","12.95","13.05","12.73","299.91M","4.17%"
"03/10/2021","12.47","12.84","12.98","12.46","384.38M","-0.40%"
"03/09/2021","12.52","12.13","12.62","12.06","521.83M","8.02%"
"03/08/2021","11.59","12.45","12.47","11.57","543.11M","-6.98%"
"03/05/2021","12.46","12.55","12.55","11.68","542.84M","0.73%"
"03/04/2021","12.37","12.80","12.97","12.08","573.35M","-3.36%"
"03/03/2021","12.80","13.43","13.45","12.80","377.59M","-4.55%"
"03/02/2021","13.41","13.90","13.92","13.40","264.11M","-3.11%"
"03/01/2021","13.84","13.88","13.93","13.55","353.18M","0.95%"
"02/26/2021","13.71","13.75","13.85","13.36","500.93M","3.01%"
"02/25/2021","13.31","14.05","14.37","13.22","824.44M","-8.21%"
"02/24/2021","14.50","14.12","14.51","13.76","448.32M","2.55%"
"02/23/2021","14.14","14.08","14.24","13.39","391.78M","-1.53%"
"02/22/2021","14.36","14.77","15.13","14.32","325.89M","-3.82%"
"02/19/2021","14.93","15.02","15.18","14.85","271.72M","0.67%"
"02/18/2021","14.83","14.73","14.87","14.57","234.08M","-0.54%"
"02/17/2021","14.91","15.17","15.22","14.78","275.70M","-2.74%"
"02/16/2021","15.33","15.06","15.37","14.95","321.96M","2.47%"
"02/12/2021","14.96","15.05","15.29","14.78","374.76M","-1.90%"
"02/11/2021","15.25","14.98","15.27","14.93","450.83M","3.32%"
"02/10/2021","14.76","14.46","14.90","14.34","485.35M","3.51%"
"02/09/2021","14.26","14.34","14.58","14.22","287.56M","-1.25%"
"02/08/2021","14.44","13.73","14.47","13.73","434.62M","6.25%"
"02/05/2021","13.59","13.72","13.74","13.55","169.15M","-0.51%"
"02/04/2021","13.66","13.53","13.67","13.34","201.34M","0.96%"
"02/03/2021","13.53","13.64","13.93","13.52","245.41M","-0.22%"
"02/02/2021","13.56","13.40","13.57","13.29","220.44M","2.42%"
"02/01/2021","13.24","13.05","13.27","12.90","217.20M","1.92%"
"01/29/2021","12.99","13.07","13.33","12.91","271.55M","-0.46%"
"01/28/2021","13.05","13.00","13.34","12.96","228.32M","1.01%"
"01/27/2021","12.92","13.23","13.23","12.79","371.27M","-3.87%"
"01/26/2021","13.44","13.58","13.64","13.39","163.98M","-1.54%"
"01/25/2021","13.65","13.78","13.83","13.24","251.11M","-0.44%"
"01/22/2021","13.71","13.74","13.84","13.63","246.82M","-1.15%"
"01/21/2021","13.87","13.42","14.00","13.25","338.34M","3.74%"
"01/20/2021","13.37","13.11","13.43","13.06","258.57M","2.61%"
"01/19/2021","13.03","13.02","13.09","12.84","226.19M","1.32%"
"01/15/2021","12.86","13.23","13.33","12.85","277.78M","-2.58%"
"01/14/2021","13.20","13.57","13.60","13.18","283.12M","-2.44%"
"01/13/2021","13.53","13.49","13.62","13.39","210.03M","0.37%"
"01/12/2021","13.48","13.75","13.75","13.35","291.48M","-1.03%"
"01/11/2021","13.62","13.42","13.96","13.36","519.03M","2.56%"
"01/08/2021","13.28","13.36","13.42","13.04","292.53M","-0.45%"
"01/07/2021","13.34","12.97","13.38","12.89","461.48M","5.79%"
"01/06/2021","12.61","13.22","13.24","12.59","580.42M","-5.90%"
"01/05/2021","13.40","13.10","13.44","13.09","322.76M","2.21%"
"01/04/2021","13.11","13.10","13.65","12.96","560.64M","0.46%"
"12/31/2020","13.05","13.14","13.15","12.91","192.42M","-0.76%"
"12/30/2020","13.15","12.99","13.21","12.90","225.40M","1.62%"
"12/29/2020","12.94","12.93","13.07","12.84","170.37M","0.31%"
"12/28/2020","12.90","13.06","13.06","12.76","212.57M","-0.69%"
"12/24/2020","12.99","13.04","13.13","12.94","97.88M","-0.15%"
"12/23/2020","13.01","13.26","13.28","13.01","179.14M","-2.03%"
"12/22/2020","13.28","13.32","13.34","13.05","186.31M","-0.38%"
"12/21/2020","13.33","13.07","13.37","12.97","302.33M","0.45%"
"12/18/2020","13.27","13.38","13.40","13.07","342.06M","-0.52%"
"12/17/2020","13.34","13.37","13.38","13.18","231.38M","0.76%"
"12/16/2020","13.24","13.42","13.44","13.21","223.11M","-0.90%"
"12/15/2020","13.36","13.44","13.46","13.19","193.49M","0.38%"
"12/14/2020","13.31","13.09","13.39","13.08","270.16M","2.31%"
"12/11/2020","13.01","12.97","13.02","12.82","209.27M","0.31%"
"12/10/2020","12.97","12.87","13.07","12.85","207.76M","0.31%"
"12/09/2020","12.93","13.30","13.41","12.87","401.30M","-3.15%"
"12/08/2020","13.35","13.59","13.60","13.28","271.92M","-1.91%"
"12/07/2020","13.61","13.60","13.73","13.50","223.24M","0.37%"
"12/04/2020","13.56","13.45","13.56","13.39","202.24M","1.19%"
"12/03/2020","13.40","13.59","13.66","13.33","199.52M","-1.03%"
"12/02/2020","13.54","13.35","13.67","13.23","283.36M","1.12%"
"12/01/2020","13.39","13.49","13.53","13.23","297.57M","-0.07%"
"11/30/2020","13.40","13.27","13.41","12.97","286.95M","1.06%"
"11/27/2020","13.26","13.38","13.41","13.17","167.28M","0.23%"
"11/25/2020","13.23","13.03","13.27","13.02","259.92M","2.08%"
"11/24/2020","12.96","13.14","13.16","12.88","346.50M","-1.37%"
"11/23/2020","13.14","13.17","13.38","13.02","361.35M","0.38%"
"11/20/2020","13.09","13.45","13.49","13.06","341.09M","-2.60%"
"11/19/2020","13.44","13.21","13.49","13.10","565.93M","0.07%"
"11/18/2020","13.43","13.47","13.61","13.19","510.93M","0.07%"
"11/17/2020","13.42","13.55","13.60","13.30","312.03M","-0.74%"
"11/16/2020","13.52","13.17","13.65","13.16","413.77M","1.65%"
"11/13/2020","13.30","13.63","13.67","13.06","346.76M","-1.19%"
"11/12/2020","13.46","13.48","13.77","13.32","366.64M","0.30%"
"11/11/2020","13.42","13.05","13.43","12.95","404.74M","5.09%"
"11/10/2020","12.77","13.61","13.61","12.63","644.07M","-6.31%"
"11/09/2020","13.63","14.55","14.69","13.61","582.98M","-6.39%"
"11/06/2020","14.56","14.11","14.59","13.89","383.35M","2.82%"
"11/05/2020","14.16","14.16","14.34","13.99","319.03M","2.68%"
"11/04/2020","13.79","13.39","13.83","13.34","410.23M","5.91%"
"11/03/2020","13.02","12.71","13.11","12.60","272.90M","3.50%"
"11/02/2020","12.58","12.66","12.84","12.39","299.65M","0.40%"
"10/30/2020","12.53","12.85","12.94","12.30","417.40M","-3.76%"
"10/29/2020","13.02","12.84","13.19","12.75","320.08M","3.09%"
"10/28/2020","12.63","13.20","13.26","12.61","376.52M","-5.75%"
"10/27/2020","13.40","13.31","13.44","13.19","250.52M","1.98%"
"10/26/2020","13.14","13.43","13.69","13.04","336.89M","-3.31%"
"10/23/2020","13.59","13.45","13.59","13.29","233.48M","1.72%"
"10/22/2020","13.36","13.52","13.61","13.23","290.48M","-1.18%"
"10/21/2020","13.52","13.62","13.79","13.48","219.60M","-0.95%"
"10/20/2020","13.65","13.58","13.80","13.51","229.21M","1.11%"
"10/19/2020","13.50","13.90","13.98","13.41","298.07M","-2.24%"
"10/16/2020","13.81","14.04","14.12","13.79","242.64M","-1.15%"
"10/15/2020","13.97","13.81","14.01","13.77","267.23M","-0.92%"
"10/14/2020","14.10","14.29","14.34","13.96","276.65M","-1.05%"
"10/13/2020","14.25","14.30","14.35","14.02","344.60M","0.14%"
"10/12/2020","14.23","13.99","14.35","13.91","434.74M","3.42%"
"10/09/2020","13.76","13.77","13.82","13.66","346.89M","-0.58%"
"10/08/2020","13.84","14.07","14.08","13.76","378.90M","-0.86%"
"10/07/2020","13.96","14.00","14.12","13.86","418.09M","1.60%"
"10/06/2020","13.74","13.83","14.14","13.66","784.42M","0.73%"
"10/05/2020","13.64","13.24","13.64","13.22","479.82M","4.44%"
"10/02/2020","13.06","13.22","13.52","13.05","552.50M","-4.04%"
"10/01/2020","13.61","13.76","13.76","13.46","525.00M","0.59%"
"09/30/2020","13.53","13.16","13.62","13.15","689.18M","2.27%"
"09/29/2020","13.23","12.94","13.44","12.93","623.00M","1.46%"
"09/28/2020","13.04","13.04","13.05","12.75","573.81M","1.32%"
"09/25/2020","12.87","12.45","12.88","12.25","588.02M","4.21%"
"09/24/2020","12.35","12.07","12.57","12.01","731.24M","1.90%"
"09/23/2020","12.12","12.58","12.73","12.08","647.01M","-4.11%"
"09/22/2020","12.64","12.57","12.65","12.16","646.45M","0.96%"
"09/21/2020","12.52","11.93","12.52","11.90","721.04M","2.71%"
"09/18/2020","12.19","12.59","12.63","11.99","698.46M","-2.17%"
"09/17/2020","12.46","12.13","12.59","12.03","792.51M","-0.40%"
"09/16/2020","12.51","12.96","13.09","12.51","557.60M","-3.70%"
"09/15/2020","12.99","13.28","13.30","12.83","727.56M","0.93%"
"09/14/2020","12.87","13.08","13.31","12.63","1.20B","5.84%"
"09/11/2020","12.16","12.49","12.65","11.90","636.93M","-1.22%"
"09/10/2020","12.31","12.99","13.07","12.17","698.68M","-3.15%"
"09/09/2020","12.71","12.40","12.81","12.23","736.20M","6.72%"
"09/08/2020","11.91","11.73","12.55","11.70","795.73M","-5.63%"
"09/04/2020","12.62","12.78","13.18","11.70","1.46B","-3.07%"
"09/03/2020","13.02","13.83","13.88","12.88","945.13M","-9.27%"
"09/02/2020","14.35","14.70","14.73","13.90","874.01M","3.84%"
"09/01/2020","13.82","13.48","13.99","13.44","512.47M","3.37%"
"08/31/2020","13.37","13.18","13.57","13.04","500.84M","1.67%"
"08/28/2020","13.15","12.67","13.15","12.64","537.16M","4.12%"
"08/27/2020","12.63","12.78","12.85","12.57","317.60M","-1.10%"
"08/26/2020","12.77","12.80","12.87","12.68","321.24M","0.16%"
"08/25/2020","12.75","12.63","12.76","12.57","289.08M","0.24%"
"08/24/2020","12.72","12.88","12.91","12.51","490.56M","0.32%"
"08/21/2020","12.68","12.20","12.81","12.20","999.87M","4.45%"
"08/20/2020","12.14","11.97","12.38","11.88","921.39M","0.00%"
"08/19/2020","12.14","12.30","12.31","12.10","622.62M","-0.98%"
"08/18/2020","12.26","12.45","12.50","12.09","503.45M","-0.65%"
"08/17/2020","12.34","11.85","12.41","11.82","621.30M","6.75%"
"08/14/2020","11.56","11.53","11.70","11.44","366.44M","1.05%"
"08/13/2020","11.44","11.55","11.72","11.36","374.46M","0.00%"
"08/12/2020","11.44","10.99","11.47","10.96","464.94M","5.44%"
"08/11/2020","10.85","11.07","11.14","10.80","354.51M","-2.78%"
"08/10/2020","11.16","11.33","11.41","10.86","427.80M","-0.36%"
"08/07/2020","11.20","11.31","11.50","11.04","342.52M","-1.23%"
"08/06/2020","11.34","11.35","11.36","11.18","244.32M","0.44%"
"08/05/2020","11.29","11.24","11.37","11.17","250.50M","0.53%"
"08/04/2020","11.23","11.05","11.23","10.91","310.34M","2.00%"
"08/03/2020","11.01","10.73","11.10","10.72","413.02M","3.77%"
"07/31/2020","10.61","10.56","10.77","10.43","386.29M","0.00%"
"07/30/2020","10.61","10.38","10.62","10.30","308.88M","1.34%"
"07/29/2020","10.47","10.39","10.52","10.35","284.51M","2.45%"
"07/28/2020","10.22","10.37","10.38","10.21","271.64M","-1.92%"
"07/27/2020","10.42","10.23","10.44","10.22","292.13M","2.26%"
"07/24/2020","10.19","9.88","10.36","9.78","473.29M","0.59%"
"07/23/2020","10.13","10.45","10.55","10.03","411.66M","-2.97%"
"07/22/2020","10.44","10.37","10.60","10.29","367.29M","1.06%"
"07/21/2020","10.33","10.51","10.56","10.29","277.67M","-1.71%"
"07/20/2020","10.51","10.27","10.53","10.16","284.85M","3.04%"
"07/17/2020","10.20","10.23","10.25","10.09","266.28M","0.69%"
"07/16/2020","10.13","10.02","10.21","9.90","344.96M","-0.98%"
"07/15/2020","10.23","10.41","10.43","10.06","403.98M","-1.45%"
"07/14/2020","10.38","10.07","10.40","9.79","542.67M","3.28%"
"07/13/2020","10.05","10.60","10.79","10.03","457.07M","-4.10%"
"07/10/2020","10.48","10.59","10.66","10.38","497.67M","-0.29%"
"07/09/2020","10.51","10.38","10.57","10.23","494.55M","2.84%"
"07/08/2020","10.22","9.99","10.22","9.97","365.48M","3.55%"
"07/07/2020","9.87","9.95","10.07","9.85","357.80M","0.30%"
"07/06/2020","9.84","9.74","9.91","9.71","315.89M","2.39%"
"07/02/2020","9.61","9.64","9.74","9.58","364.05M","0.84%"
"07/01/2020","9.53","9.52","9.58","9.41","326.65M","0.32%"
"06/30/2020","9.50","9.31","9.53","9.27","367.89M","3.26%"
"06/29/2020","9.20","9.17","9.20","8.90","342.25M","0.55%"
"06/26/2020","9.15","9.50","9.50","9.12","592.09M","-3.58%"
"06/25/2020","9.49","9.36","9.51","9.18","376.07M","2.71%"
"06/24/2020","9.24","9.48","9.56","9.14","449.37M","-2.22%"
"06/23/2020","9.45","9.55","9.64","9.41","375.11M","-0.84%"
"06/22/2020","9.53","9.30","9.53","9.27","398.47M","2.92%"
"06/19/2020","9.26","9.24","9.45","9.23","524.16M","0.43%"
"06/18/2020","9.22","9.23","9.28","9.11","254.41M","-0.22%"
"06/17/2020","9.24","9.11","9.30","9.07","408.31M","1.87%"
"06/16/2020","9.07","9.22","9.27","8.84","535.72M","-1.09%"
"06/15/2020","9.17","8.82","9.18","8.74","400.00M","2.69%"
"06/12/2020","8.93","9.16","9.19","8.70","570.91M","1.48%"
"06/11/2020","8.80","9.15","9.26","8.79","583.65M","-6.08%"
"06/10/2020","9.37","9.17","9.50","9.15","632.18M","3.54%"
"06/09/2020","9.05","8.80","9.11","8.75","468.49M","2.84%"
"06/08/2020","8.80","8.88","8.89","8.69","387.74M","-1.35%"
"06/05/2020","8.92","8.79","9.00","8.71","481.75M","1.71%"
"06/04/2020","8.77","8.73","8.94","8.68","424.28M","0.00%"
"06/03/2020","8.77","8.82","8.87","8.70","365.44M","-0.68%"
"06/02/2020","8.83","8.80","8.84","8.66","391.32M","0.23%"
"06/01/2020","8.81","8.83","8.84","8.69","390.51M","-0.79%"
"05/29/2020","8.88","8.55","8.88","8.48","745.92M","4.59%"
"05/28/2020","8.49","8.41","8.76","8.38","736.13M","-0.47%"
"05/27/2020","8.53","8.62","8.63","8.00","1.18B","-2.18%"
"05/26/2020","8.72","9.16","9.18","8.67","770.78M","-3.43%"
"05/22/2020","9.03","8.83","9.09","8.71","1.04B","2.85%"
"05/21/2020","8.78","9.05","9.05","8.74","761.07M","-2.12%"
"05/20/2020","8.97","8.99","9.04","8.89","587.54M","1.82%"
"05/19/2020","8.81","8.79","9.09","8.76","717.32M","0.69%"
"05/18/2020","8.75","8.76","8.92","8.68","776.40M","3.06%"
"05/15/2020","8.49","7.89","8.50","7.87","987.66M","5.73%"
"05/14/2020","8.03","7.84","8.04","7.69","602.31M","3.21%"
"05/13/2020","7.78","7.92","8.08","7.59","625.85M","-0.26%"
"05/12/2020","7.80","8.12","8.17","7.79","493.06M","-3.35%"
"05/11/2020","8.07","7.81","8.11","7.78","469.06M","3.33%"
"05/08/2020","7.81","7.69","7.82","7.66","339.91M","2.49%"
"05/07/2020","7.62","7.58","7.69","7.53","373.73M","2.42%"
"05/06/2020","7.44","7.42","7.55","7.39","323.47M","1.36%"
"05/05/2020","7.34","7.39","7.51","7.28","368.90M","0.82%"
"05/04/2020","7.28","7.02","7.30","7.02","317.56M","2.97%"
"05/01/2020","7.07","7.11","7.22","7.02","342.10M","-3.28%"
"04/30/2020","7.31","7.41","7.46","7.29","375.92M","-2.01%"
"04/29/2020","7.46","7.42","7.51","7.34","379.16M","2.47%"
"04/28/2020","7.28","7.58","7.61","7.28","442.90M","-2.02%"
"04/27/2020","7.43","7.37","7.59","7.35","479.39M","2.62%"
"04/24/2020","7.24","7.09","7.24","7.01","352.65M","1.97%"
"04/23/2020","7.10","7.20","7.33","7.08","424.16M","-0.70%"
"04/22/2020","7.15","6.93","7.20","6.88","484.73M","6.08%"
"04/21/2020","6.74","7.06","7.12","6.68","735.16M","-6.13%"
"04/20/2020","7.18","7.18","7.34","7.13","449.39M","-1.78%"
"04/17/2020","7.31","7.45","7.47","7.17","539.12M","-0.81%"
"04/16/2020","7.37","7.18","7.47","7.16","745.62M","4.99%"
"04/15/2020","7.02","6.93","7.10","6.88","366.15M","-1.13%"
"04/14/2020","7.10","6.88","7.13","6.85","530.95M","5.19%"
"04/13/2020","6.75","6.51","6.75","6.42","398.41M","2.74%"
"04/09/2020","6.57","6.80","6.82","6.51","526.25M","-1.50%"
"04/08/2020","6.67","6.59","6.70","6.51","542.44M","2.93%"
"04/07/2020","6.48","6.93","6.96","6.43","784.52M","-3.43%"
"04/06/2020","6.71","6.38","6.75","6.32","727.88M","10.00%"
"04/03/2020","6.10","6.35","6.39","5.96","663.21M","-4.54%"
"04/02/2020","6.39","6.11","6.40","6.06","675.76M","5.10%"
"04/01/2020","6.08","6.39","6.54","6.03","656.91M","-7.74%"
"03/31/2020","6.59","6.68","6.88","6.44","949.96M","-0.75%"
"03/30/2020","6.64","6.38","6.65","6.34","602.25M","5.06%"
"03/27/2020","6.32","6.25","6.58","6.22","638.83M","-1.71%"
"03/26/2020","6.43","6.35","6.56","6.25","697.59M","4.72%"
"03/25/2020","6.14","6.34","6.55","6.09","793.43M","-1.44%"
"03/24/2020","6.23","5.72","6.32","5.70","1.10B","17.11%"
"03/23/2020","5.32","5.14","5.41","4.96","643.87M","3.50%"
"03/20/2020","5.14","5.47","5.76","5.13","804.63M","-3.38%"
"03/19/2020","5.32","5.05","5.42","4.83","765.51M","4.93%"
"03/18/2020","5.07","5.00","5.25","4.52","874.27M","-6.63%"
"03/17/2020","5.43","5.02","5.52","4.78","833.63M","10.59%"
"03/16/2020","4.91","5.31","5.65","4.85","726.97M","-18.44%"
"03/13/2020","6.02","5.76","6.03","5.49","634.84M","11.28%"
"03/12/2020","5.41","5.64","5.90","5.39","816.54M","-12.18%"
"03/11/2020","6.16","6.39","6.42","6.06","502.07M","-5.67%"
"03/10/2020","6.53","6.41","6.53","6.15","580.65M","6.35%"
"03/09/2020","6.14","6.00","6.49","5.95","614.16M","-7.67%"
"03/06/2020","6.65","6.65","6.71","6.45","515.41M","-2.64%"
"03/05/2020","6.83","6.91","7.08","6.79","540.33M","-3.94%"
"03/04/2020","7.11","6.75","7.12","6.68","597.41M","6.92%"
"03/03/2020","6.65","6.97","7.03","6.56","652.79M","-3.76%"
"03/02/2020","6.91","6.92","6.94","6.53","890.75M","2.37%"
"02/28/2020","6.75","6.06","6.81","6.04","1.13B","6.80%"
"02/27/2020","6.32","6.37","6.67","6.22","906.41M","-5.53%"
"02/26/2020","6.69","6.55","6.89","6.55","749.66M","2.14%"
"02/25/2020","6.55","6.91","6.97","6.45","1.06B","-4.10%"
"02/24/2020","6.83","6.75","7.05","6.70","856.91M","-7.07%"
"02/21/2020","7.35","7.60","7.63","7.27","769.29M","-4.79%"
"02/20/2020","7.72","7.82","7.91","7.41","810.05M","-1.91%"
"02/19/2020","7.87","7.54","7.89","7.54","694.33M","6.21%"
"02/18/2020","7.41","7.14","7.43","7.12","621.88M","2.35%"
"02/14/2020","7.24","7.18","7.37","7.15","1.04B","6.94%"
"02/13/2020","6.77","6.76","6.84","6.73","528.02M","-0.59%"
"02/12/2020","6.81","6.75","6.82","6.71","374.64M","1.64%"
"02/11/2020","6.70","6.68","6.81","6.62","638.56M","1.98%"
"02/10/2020","6.57","6.31","6.58","6.31","529.61M","4.45%"
"02/07/2020","6.29","6.32","6.34","6.26","189.75M","-1.10%"
"02/06/2020","6.36","6.30","6.36","6.22","218.28M","1.44%"
"02/05/2020","6.27","6.30","6.31","6.19","208.22M","1.46%"
"02/04/2020","6.18","6.15","6.20","6.10","271.54M","2.83%"
"02/03/2020","6.01","5.89","6.03","5.89","255.93M","1.69%"
"01/31/2020","5.91","6.10","6.11","5.87","370.42M","-3.90%"
"01/30/2020","6.15","6.04","6.16","5.99","290.50M","0.16%"
"01/29/2020","6.14","6.18","6.22","6.10","259.45M","-0.97%"
"01/28/2020","6.20","6.07","6.23","6.02","310.98M","3.33%"
"01/27/2020","6.00","5.96","6.06","5.81","470.53M","-4.15%"
"01/24/2020","6.26","6.44","6.49","6.21","373.51M","-0.95%"
"01/23/2020","6.32","6.29","6.33","6.20","244.51M","1.12%"
"01/22/2020","6.25","6.24","6.34","6.22","239.24M","0.81%"
"01/21/2020","6.20","6.20","6.23","6.16","217.92M","-0.48%"
"01/17/2020","6.23","6.24","6.25","6.18","253.79M","0.16%"
"01/16/2020","6.22","6.19","6.23","6.17","284.19M","1.30%"
"01/15/2020","6.14","6.19","6.22","6.11","263.11M","-0.65%"
"01/14/2020","6.18","6.26","6.28","6.17","359.58M","-1.90%"
"01/13/2020","6.30","6.19","6.32","6.17","320.34M","3.11%"
"01/10/2020","6.11","6.18","6.21","6.09","316.46M","0.49%"
"01/09/2020","6.08","6.10","6.15","6.02","255.44M","1.16%"
"01/08/2020","6.01","5.99","6.05","5.95","277.24M","0.17%"
"01/07/2020","6.00","5.96","6.04","5.91","319.21M","1.18%"
"01/06/2020","5.93","5.81","5.93","5.78","262.91M","0.51%"
"01/03/2020","5.90","5.88","5.95","5.85","205.77M","-1.67%"
"01/02/2020","6.00","5.97","6.00","5.92","237.68M","2.04%"
"12/31/2019","5.88","5.77","5.89","5.75","231.21M","1.20%"
"12/30/2019","5.81","5.90","5.91","5.78","258.25M","-1.86%"
"12/27/2019","5.92","6.00","6.01","5.90","254.81M","-1.00%"
"12/26/2019","5.98","5.97","6.01","5.95","183.22M","0.17%"
"12/24/2019","5.97","5.96","5.98","5.92","138.86M","0.00%"
"12/23/2019","5.97","6.01","6.05","5.96","355.39M","-0.17%"
"12/20/2019","5.98","5.95","6.01","5.93","603.38M","1.53%"
"12/19/2019","5.89","5.77","5.90","5.77","453.11M","2.61%"
"12/18/2019","5.74","5.74","5.80","5.73","344.28M","0.53%"
"12/17/2019","5.71","5.65","5.73","5.64","323.26M","1.42%"
"12/16/2019","5.63","5.65","5.70","5.62","321.31M","0.54%"
"12/13/2019","5.60","5.60","5.72","5.55","454.97M","0.00%"
"12/12/2019","5.60","5.40","5.62","5.40","406.08M","3.13%"
"12/11/2019","5.43","5.36","5.44","5.36","234.01M","1.50%"
"12/10/2019","5.35","5.33","5.40","5.28","256.69M","0.94%"
"12/09/2019","5.30","5.28","5.36","5.27","215.13M","0.00%"
"12/06/2019","5.30","5.29","5.34","5.28","232.42M","1.53%"
"12/05/2019","5.22","5.26","5.27","5.19","185.14M","-0.38%"
"12/04/2019","5.24","5.28","5.30","5.21","273.62M","0.96%"
"12/03/2019","5.19","5.05","5.20","5.01","474.15M","-0.76%"
"12/02/2019","5.23","5.41","5.42","5.22","373.87M","-3.51%"
"11/29/2019","5.42","5.42","5.45","5.39","141.56M","-0.73%"
"11/27/2019","5.46","5.47","5.50","5.43","216.43M","0.74%"
"11/26/2019","5.42","5.51","5.52","5.42","385.68M","-1.99%"
"11/25/2019","5.53","5.40","5.54","5.39","507.35M","4.93%"
"11/22/2019","5.27","5.28","5.32","5.25","224.10M","0.38%"
"11/21/2019","5.25","5.28","5.33","5.23","288.39M","-0.57%"
"11/20/2019","5.28","5.18","5.36","5.16","473.02M","1.54%"
"11/19/2019","5.20","5.28","5.30","5.14","415.38M","-2.07%"
"11/18/2019","5.31","5.10","5.33","5.09","575.32M","4.12%"
"11/15/2019","5.10","5.24","5.29","5.02","1.05B","-2.67%"
"11/14/2019","5.24","5.22","5.25","5.16","527.01M","0.58%"
"11/13/2019","5.21","5.21","5.24","5.15","302.36M","-0.57%"
"11/12/2019","5.24","5.24","5.30","5.21","283.84M","0.77%"
"11/11/2019","5.20","5.19","5.23","5.11","243.79M","0.19%"
"11/08/2019","5.19","5.19","5.23","5.15","189.41M","-0.38%"
"11/07/2019","5.21","5.28","5.29","5.16","280.34M","0.39%"
"11/06/2019","5.19","5.22","5.24","5.10","269.01M","-0.95%"
"11/05/2019","5.24","5.26","5.29","5.19","300.87M","-0.38%"
"11/04/2019","5.26","5.15","5.28","5.12","376.72M","3.95%"
"11/01/2019","5.06","4.99","5.10","4.96","283.64M","0.60%"
"10/31/2019","5.03","5.05","5.08","4.95","209.73M","-0.98%"
"10/30/2019","5.08","5.10","5.11","5.01","205.96M","0.20%"
"10/29/2019","5.07","5.16","5.16","5.05","211.24M","-1.93%"
"10/28/2019","5.17","5.16","5.22","5.13","330.79M","1.17%"
"10/25/2019","5.11","5.00","5.13","4.99","423.09M","3.86%"
"10/24/2019","4.92","4.92","4.96","4.88","239.04M","0.82%"
"10/23/2019","4.88","4.81","4.89","4.78","285.77M","-0.20%"
"10/22/2019","4.89","4.96","5.06","4.88","337.37M","-0.20%"
"10/21/2019","4.90","4.82","4.91","4.80","266.97M","2.94%"
"10/18/2019","4.76","4.86","4.89","4.69","307.62M","-2.06%"
"10/17/2019","4.86","4.90","4.95","4.80","264.32M","0.00%"
"10/16/2019","4.86","4.88","4.98","4.84","432.75M","-1.02%"
"10/15/2019","4.91","4.75","4.98","4.74","667.99M","5.36%"
"10/14/2019","4.66","4.64","4.68","4.61","210.34M","0.22%"
"10/11/2019","4.65","4.66","4.73","4.64","450.87M","1.53%"
"10/10/2019","4.58","4.52","4.63","4.51","327.52M","1.33%"
"10/09/2019","4.52","4.51","4.57","4.48","307.88M","2.03%"
"10/08/2019","4.43","4.52","4.52","4.41","449.34M","-3.90%"
"10/07/2019","4.61","4.61","4.71","4.61","488.31M","1.32%"
"10/04/2019","4.55","4.54","4.58","4.47","267.96M","0.44%"
"10/03/2019","4.53","4.33","4.54","4.30","462.73M","4.62%"
"10/02/2019","4.33","4.33","4.34","4.25","295.66M","-0.46%"
"10/01/2019","4.35","4.38","4.53","4.35","367.57M","0.00%"
"09/30/2019","4.35","4.32","4.36","4.29","193.20M","1.40%"
"09/27/2019","4.29","4.39","4.44","4.23","365.96M","-3.16%"
"09/26/2019","4.43","4.45","4.45","4.38","237.83M","-0.67%"
"09/25/2019","4.46","4.31","4.48","4.27","313.11M","3.48%"
"09/24/2019","4.31","4.40","4.43","4.28","321.24M","-1.37%"
"09/23/2019","4.37","4.32","4.42","4.31","255.83M","1.16%"
"09/20/2019","4.32","4.42","4.45","4.31","357.25M","-2.26%"
"09/19/2019","4.42","4.51","4.52","4.41","256.34M","-1.78%"
"09/18/2019","4.50","4.52","4.54","4.41","264.04M","-0.66%"
"09/17/2019","4.53","4.51","4.53","4.47","228.47M","0.44%"
"09/16/2019","4.51","4.47","4.54","4.46","231.83M","-0.88%"
"09/13/2019","4.55","4.54","4.58","4.50","324.59M","-1.30%"
"09/12/2019","4.61","4.66","4.71","4.60","327.84M","0.00%"
"09/11/2019","4.61","4.59","4.66","4.57","361.51M","0.66%"
"09/10/2019","4.58","4.48","4.61","4.47","352.81M","1.55%"
"09/09/2019","4.51","4.50","4.60","4.50","417.53M","0.89%"
"09/06/2019","4.47","4.47","4.53","4.43","376.98M","-0.45%"